Date,Price,Open,High,Low,Change %
12/31/2025,8.21,8.205,8.225,8.19,-0.18%
12/30/2025,8.225,8.3,8.31,8.22,-0.96%
12/29/2025,8.305,8.34,8.345,8.29,-0.42%
12/24/2025,8.34,8.415,8.415,8.34,-0.71%
12/23/2025,8.4,8.44,8.45,8.4,-0.53%
12/22/2025,8.445,8.42,8.445,8.415,0.30%
12/19/2025,8.42,8.395,8.43,8.38,0.18%
12/18/2025,8.405,8.37,8.41,8.37,0.36%
12/17/2025,8.375,8.375,8.385,8.36,-0.12%
12/15/2025,8.385,8.415,8.425,8.365,-0.12%
12/12/2025,8.395,8.42,8.435,8.375,-0.30%
12/11/2025,8.42,8.46,8.515,8.42,-1.12%
12/10/2025,8.515,8.48,8.52,8.41,0.35%
12/9/2025,8.485,8.445,8.525,8.43,0.30%
12/8/2025,8.46,8.352,8.465,8.3,1.74%
12/5/2025,8.315,8.32,8.335,8.275,-0.12%
12/4/2025,8.325,8.35,8.35,8.275,-0.48%
12/3/2025,8.365,8.447,8.465,8.295,-1.12%
12/2/2025,8.46,8.495,8.505,8.445,-0.53%
12/1/2025,8.505,8.51,8.54,8.485,0.12%
11/28/2025,8.495,8.573,8.575,8.485,-0.93%
11/27/2025,8.575,8.59,8.61,8.565,-0.06%
11/26/2025,8.58,8.63,8.63,8.57,-0.35%
11/25/2025,8.61,8.63,8.645,8.605,-0.29%
11/24/2025,8.635,8.64,8.645,8.62,-0.29%
11/21/2025,8.66,8.593,8.685,8.59,0.70%
11/20/2025,8.6,8.678,8.705,8.59,-0.75%
11/19/2025,8.665,8.653,8.68,8.645,-0.12%
11/18/2025,8.675,8.613,8.685,8.61,0.64%
11/17/2025,8.62,8.64,8.66,8.575,-0.40%
11/14/2025,8.655,8.603,8.68,8.603,0.58%
11/13/2025,8.605,8.655,8.68,8.585,-0.64%
11/12/2025,8.66,8.805,8.835,8.66,-1.70%
11/11/2025,8.81,8.735,8.833,8.725,0.69%
11/10/2025,8.75,8.83,8.83,8.745,-0.85%
11/7/2025,8.825,8.79,8.825,8.77,0.68%
11/6/2025,8.765,8.765,8.79,8.75,-0.23%
11/5/2025,8.785,8.84,8.845,8.775,-0.57%
11/4/2025,8.835,8.835,8.865,8.83,-0.11%
11/3/2025,8.845,8.86,8.895,8.835,-0.23%
10/31/2025,8.865,8.87,8.89,8.865,0.06%
10/30/2025,8.86,8.89,8.9,8.86,0.17%
10/29/2025,8.845,8.88,8.88,8.82,-0.45%
10/28/2025,8.885,8.88,8.89,8.86,0.00%
10/27/2025,8.885,8.88,8.92,8.855,0.00%
10/24/2025,8.885,8.945,8.97,8.885,-0.56%
10/23/2025,8.935,8.95,8.985,8.925,-0.11%
10/22/2025,8.945,8.905,8.955,8.885,0.39%
10/21/2025,8.91,8.91,8.92,8.855,-0.17%
10/20/2025,8.925,9.02,9.025,8.915,-1.16%
10/17/2025,9.03,8.98,9.07,8.955,0.06%
10/16/2025,9.025,9.025,9.04,8.985,-0.22%
10/15/2025,9.045,9.14,9.14,9.045,-1.04%
10/14/2025,9.14,9.118,9.175,9.118,0.27%
10/13/2025,9.115,9.105,9.15,9.09,-0.27%
10/10/2025,9.14,9.06,9.14,9.045,0.94%
10/9/2025,9.055,9.09,9.1,9.005,-0.39%
10/8/2025,9.09,9.165,9.18,9.09,-0.98%
10/7/2025,9.18,9.223,9.23,9.155,-0.49%
10/6/2025,9.225,9.185,9.29,9.185,0.71%
10/3/2025,9.16,9.17,9.195,9.155,-0.22%
10/2/2025,9.18,9.16,9.185,9.145,0.11%
10/1/2025,9.17,9.195,9.255,9.155,-0.11%
9/30/2025,9.18,9.15,9.185,9.125,0.27%
9/29/2025,9.155,9.16,9.17,9.13,-0.11%
9/26/2025,9.165,9.125,9.175,9.125,0.44%
9/25/2025,9.125,9.075,9.16,9.07,0.66%
9/23/2025,9.065,9.125,9.14,9.065,-0.55%
9/22/2025,9.115,9.179,9.18,9.115,-0.49%
9/19/2025,9.16,9.172,9.24,9.16,-0.22%
9/18/2025,9.18,9.185,9.22,9.12,0.33%
9/17/2025,9.15,9.221,9.265,9.145,-0.92%
9/16/2025,9.235,9.21,9.265,9.175,0.38%
9/15/2025,9.2,9.344,9.35,9.2,-1.45%
9/12/2025,9.335,9.374,9.415,9.335,-0.48%
9/11/2025,9.38,9.469,9.505,9.38,-1.05%
9/10/2025,9.48,9.497,9.53,9.465,-0.05%
9/9/2025,9.485,9.55,9.555,9.47,-0.52%
9/8/2025,9.535,9.56,9.575,9.535,-0.31%
9/5/2025,9.565,9.625,9.64,9.545,-0.57%
9/4/2025,9.62,9.64,9.66,9.615,-0.26%
9/3/2025,9.645,9.617,9.705,9.617,0.26%
9/2/2025,9.62,9.6,9.675,9.595,0.47%
9/1/2025,9.575,9.605,9.63,9.54,-0.31%
8/29/2025,9.605,9.61,9.645,9.605,0.10%
8/28/2025,9.595,9.58,9.63,9.575,0.05%
8/27/2025,9.59,9.572,9.625,9.572,0.05%
8/26/2025,9.585,9.579,9.63,9.579,0.26%
8/25/2025,9.56,9.535,9.585,9.535,-0.83%
8/22/2025,9.64,9.625,9.645,9.625,0.10%
8/21/2025,9.63,9.59,9.63,9.59,0.42%
8/20/2025,9.59,9.66,9.66,9.59,-0.62%
8/19/2025,9.65,9.64,9.665,9.635,0.05%
8/18/2025,9.645,9.595,9.66,9.595,0.63%
8/15/2025,9.585,9.605,9.625,9.58,-0.21%
8/14/2025,9.605,9.605,9.615,9.575,-0.05%
8/13/2025,9.61,9.685,9.685,9.605,-0.57%
8/12/2025,9.665,9.675,9.69,9.635,-0.05%
8/11/2025,9.67,9.625,9.675,9.625,0.42%
8/8/2025,9.63,9.665,9.685,9.57,-0.16%
8/7/2025,9.645,9.675,9.685,9.63,-0.21%
8/6/2025,9.665,9.67,9.715,9.665,-0.10%
8/5/2025,9.675,9.635,9.705,9.62,0.47%
8/4/2025,9.63,9.615,9.635,9.6,0.36%
8/1/2025,9.595,9.64,9.69,9.585,-0.36%
7/31/2025,9.63,9.805,9.86,9.61,-1.83%
7/30/2025,9.81,9.8,9.815,9.77,0.10%
7/29/2025,9.8,9.795,9.85,9.795,0.00%
7/28/2025,9.8,9.835,9.86,9.8,-0.36%
7/25/2025,9.835,9.835,9.875,9.83,0.20%
7/24/2025,9.815,9.8,9.845,9.795,0.10%
7/23/2025,9.805,9.85,9.865,9.805,-0.41%
7/22/2025,9.845,9.91,9.975,9.83,-1.40%
7/21/2025,9.985,9.935,10.015,9.925,0.50%
7/18/2025,9.935,9.975,9.995,9.935,-0.10%
7/17/2025,9.945,9.89,9.965,9.88,0.66%
7/16/2025,9.88,9.855,9.9,9.855,0.20%
7/15/2025,9.86,9.915,9.915,9.825,-0.25%
7/14/2025,9.885,9.895,9.925,9.875,0.10%
7/11/2025,9.875,9.79,9.935,9.79,0.97%
7/10/2025,9.78,9.845,9.855,9.78,-0.61%
7/9/2025,9.84,9.89,9.935,9.84,-0.56%
7/8/2025,9.895,9.88,9.895,9.84,0.71%
7/7/2025,9.825,9.765,9.885,9.755,1.03%
7/4/2025,9.725,9.74,9.785,9.725,0.00%
7/3/2025,9.725,9.845,9.885,9.73,-0.97%
7/2/2025,9.82,9.86,9.865,9.805,-0.20%
7/1/2025,9.84,9.955,9.965,9.85,-1.11%
6/30/2025,9.95,9.945,9.975,9.925,-0.10%
6/27/2025,9.96,9.975,10.09,9.95,0.15%
6/26/2025,9.945,9.915,9.985,9.855,0.35%
6/25/2025,9.91,9.955,9.955,9.905,-0.25%
6/24/2025,9.935,10.04,10.075,9.93,-1.24%
6/23/2025,10.06,10.08,10.11,10.05,0.20%
6/20/2025,10.04,10.125,10.125,10.035,-0.84%
6/19/2025,10.125,10.155,10.175,10.12,0.15%
6/18/2025,10.11,10.09,10.13,10.065,0.15%
6/17/2025,10.095,10.155,10.17,10.08,-0.44%
6/13/2025,10.14,10.15,10.255,10.125,0.55%
6/12/2025,10.085,10.11,10.205,10.085,-0.15%
6/11/2025,10.1,10.09,10.145,10.09,0.30%
6/10/2025,10.07,10.145,10.145,10.065,-0.64%
6/9/2025,10.135,10.075,10.155,10.075,0.75%
6/6/2025,10.06,10.04,10.09,10.015,0.25%
6/5/2025,10.035,9.995,10.065,9.995,0.50%
6/4/2025,9.985,10.125,10.125,9.98,-1.24%
6/3/2025,10.11,10.215,10.215,10.1,-0.79%
6/2/2025,10.19,10.15,10.24,10.15,0.49%
5/30/2025,10.14,10.135,10.2,10.085,-0.15%
5/29/2025,10.155,10.35,10.36,10.17,-1.60%
5/28/2025,10.32,10.42,10.425,10.335,-0.67%
5/27/2025,10.39,10.475,10.48,10.39,-0.72%
5/26/2025,10.465,10.485,10.505,10.465,0.05%
5/23/2025,10.46,10.5,10.5,10.43,-0.29%
5/22/2025,10.49,10.455,10.525,10.44,0.53%
5/21/2025,10.435,10.46,10.49,10.43,0.00%
5/20/2025,10.435,10.465,10.49,10.435,-0.29%
5/19/2025,10.465,10.47,10.505,10.455,0.48%
5/16/2025,10.415,10.425,10.445,10.36,-0.24%
5/15/2025,10.44,10.56,10.575,10.42,-0.95%
5/14/2025,10.54,10.51,10.575,10.48,0.09%
5/13/2025,10.53,10.52,10.555,10.485,0.24%
5/12/2025,10.505,10.525,10.525,10.45,-0.05%
5/9/2025,10.51,10.57,10.575,10.5,-0.24%
5/8/2025,10.535,10.62,10.645,10.525,-0.80%
5/7/2025,10.62,10.67,10.71,10.62,-0.38%
5/6/2025,10.66,10.615,10.69,10.615,0.52%
5/5/2025,10.605,10.615,10.645,10.61,0.09%
5/2/2025,10.595,10.58,10.635,10.565,0.09%
4/30/2025,10.585,10.605,10.62,10.575,-0.14%
4/29/2025,10.6,10.605,10.655,10.605,-0.66%
4/25/2025,10.67,10.7,10.705,10.58,0.05%
4/24/2025,10.665,10.82,10.83,10.665,-1.20%
4/23/2025,10.795,10.89,10.95,10.8,-1.24%
4/22/2025,10.93,10.94,10.97,10.93,0.23%
4/17/2025,10.905,10.885,10.92,10.865,0.28%
4/16/2025,10.875,10.94,10.96,10.885,-0.50%
4/15/2025,10.93,10.939,10.95,10.875,-0.05%
4/14/2025,10.935,10.99,10.99,10.915,-0.95%
4/11/2025,11.04,10.97,11.065,10.96,1.38%
4/10/2025,10.89,10.895,10.94,10.86,-1.54%
4/9/2025,11.06,11.04,11.135,11.04,1.05%
4/8/2025,10.945,11.095,11.095,10.905,-1.22%
4/7/2025,11.08,11.155,11.275,11.07,-0.27%
4/4/2025,11.11,10.83,11.165,10.83,2.87%
4/3/2025,10.8,10.865,11.075,10.805,-0.37%
4/2/2025,10.84,10.66,10.855,10.66,2.31%
4/1/2025,10.595,10.6,10.645,10.545,-0.09%
3/31/2025,10.605,10.68,10.68,10.585,-0.84%
3/28/2025,10.695,10.68,10.695,10.59,0.23%
3/27/2025,10.67,10.645,10.69,10.625,0.33%
3/26/2025,10.635,10.711,10.715,10.625,-0.51%
3/25/2025,10.69,10.695,10.755,10.685,0.42%
3/24/2025,10.645,10.585,10.675,10.585,0.76%
3/20/2025,10.565,10.585,10.66,10.58,-0.14%
3/19/2025,10.58,10.63,10.645,10.545,-0.24%
3/18/2025,10.605,10.645,10.675,10.615,-0.14%
3/17/2025,10.62,10.625,10.66,10.62,0.14%
3/14/2025,10.605,10.55,10.625,10.545,0.62%
3/13/2025,10.54,10.507,10.58,10.5,0.48%
3/12/2025,10.49,10.48,10.585,10.48,0.19%
3/11/2025,10.47,10.515,10.525,10.48,-0.24%
3/10/2025,10.495,10.565,10.565,10.495,-0.33%
3/7/2025,10.53,10.505,10.6,10.49,0.43%
3/6/2025,10.485,10.485,10.515,10.48,0.53%
3/5/2025,10.43,10.45,10.495,10.43,-0.05%
3/4/2025,10.435,10.505,10.51,10.435,-0.48%
3/3/2025,10.485,10.555,10.6,10.5,-0.43%
2/28/2025,10.53,10.507,10.57,10.48,0.38%
2/27/2025,10.49,10.45,10.52,10.45,0.53%
2/26/2025,10.435,10.525,10.54,10.415,-0.67%
2/25/2025,10.505,10.53,10.56,10.51,-0.24%
2/24/2025,10.53,10.582,10.61,10.525,-0.57%
2/21/2025,10.59,10.615,10.63,10.585,-0.14%
2/20/2025,10.605,10.595,10.65,10.555,0.24%
2/19/2025,10.58,10.525,10.655,10.51,0.71%
2/18/2025,10.505,10.56,10.57,10.505,-0.24%
2/17/2025,10.53,10.495,10.555,10.48,0.53%
2/14/2025,10.475,10.547,10.55,10.465,-0.57%
2/13/2025,10.535,10.54,10.595,10.525,-0.14%
2/12/2025,10.55,10.545,10.575,10.5,0.19%
2/11/2025,10.53,10.49,10.558,10.48,0.57%
2/10/2025,10.47,10.43,10.58,10.43,0.58%
2/7/2025,10.41,10.42,10.445,10.38,-0.05%
2/6/2025,10.415,10.4,10.5,10.4,0.14%
2/5/2025,10.4,10.42,10.445,10.37,-0.34%
2/4/2025,10.435,10.505,10.505,10.43,-0.52%
2/3/2025,10.49,10.535,10.595,10.49,1.11%
1/31/2025,10.375,10.355,10.465,10.348,0.63%
1/30/2025,10.31,10.265,10.34,10.245,15.13%
1/29/2025,8.955,9.02,9.025,8.95,-0.72%
1/28/2025,9.02,9.16,9.16,9.025,-1.12%
1/27/2025,9.123,9.04,9.185,9.04,1.47%
1/24/2025,8.99,9.005,9.04,8.955,-0.55%
1/23/2025,9.04,9.04,9.065,9.005,0.53%
1/22/2025,8.993,9.085,9.105,8.995,-0.96%
1/21/2025,9.08,9.105,9.16,9.065,-0.85%
1/20/2025,9.158,9.235,9.237,9.125,-0.41%
1/17/2025,9.195,9.15,9.24,9.135,0.03%
1/16/2025,9.193,9.152,9.22,9.125,0.68%
1/15/2025,9.13,9.29,9.295,9.145,-1.72%
1/14/2025,9.29,9.32,9.33,9.245,-0.16%
1/13/2025,9.305,9.24,9.43,9.24,0.59%
1/10/2025,9.25,9.14,9.295,9.135,1.31%
1/9/2025,9.13,9.09,9.145,9.085,0.50%
1/8/2025,9.085,9.055,9.135,9.05,0.55%
1/7/2025,9.035,9.027,9.05,8.995,0.28%
1/6/2025,9.01,9.045,9.09,9.02,-0.06%
1/3/2025,9.015,9.025,9.035,9.015,0.11%
1/2/2025,9.005,9.045,9.05,9.02,-0.33%
12/31/2024,9.035,9.01,9.06,9.01,-0.06%
12/30/2024,9.04,9.05,9.07,9.05,0.00%
12/27/2024,9.04,9.025,9.055,9.02,0.14%
12/24/2024,9.028,9.13,9.14,9.035,-0.63%
12/23/2024,9.085,9.12,9.145,9.095,-0.41%
12/20/2024,9.123,9.16,9.16,9.09,0.25%
12/19/2024,9.1,9.09,9.14,9.09,0.97%
12/18/2024,9.012,8.98,9.075,8.975,0.36%
12/17/2024,8.98,8.917,8.995,8.917,0.84%
12/13/2024,8.905,8.855,8.925,8.855,0.62%
12/12/2024,8.85,8.9,8.92,8.86,-0.73%
12/11/2024,8.915,8.965,8.975,8.92,-0.45%
12/10/2024,8.955,8.902,8.97,8.895,0.79%
12/9/2024,8.885,8.93,8.93,8.885,-0.39%
12/6/2024,8.92,8.945,8.99,8.925,-0.17%
12/5/2024,8.935,8.92,8.975,8.915,0.28%
12/4/2024,8.91,8.905,8.97,8.9,0.28%
12/3/2024,8.885,8.955,8.955,8.865,-0.48%
12/2/2024,8.927,8.96,8.975,8.94,0.28%
11/29/2024,8.903,8.945,8.96,8.915,-0.59%
11/28/2024,8.955,9.045,9.055,8.965,-0.61%
11/27/2024,9.01,9.035,9.04,9,-0.28%
11/26/2024,9.035,8.96,9.055,8.96,1.15%
11/25/2024,8.932,8.945,8.975,8.905,-0.53%
11/22/2024,8.98,8.967,9.01,8.96,0.28%
11/21/2024,8.955,9.037,9.06,8.965,-0.83%
11/20/2024,9.03,9.095,9.113,8.995,-0.61%
11/19/2024,9.085,9.1,9.193,9.075,-0.14%
11/18/2024,9.097,9.16,9.16,9.025,-0.44%
11/15/2024,9.137,9.14,9.16,9.095,0.19%
11/14/2024,9.12,9.205,9.24,9.135,-0.33%
11/13/2024,9.15,9.215,9.26,9.135,-0.60%
11/12/2024,9.205,9.23,9.285,9.195,-0.05%
11/11/2024,9.21,9.17,9.225,9.17,0.60%
11/8/2024,9.155,9.165,9.2,9.085,-0.30%
11/7/2024,9.182,9.38,9.39,9.18,-2.16%
11/6/2024,9.385,9.395,9.455,9.335,0.91%
11/5/2024,9.3,9.3,9.325,9.27,0.11%
11/4/2024,9.29,9.295,9.34,9.295,-0.19%
11/1/2024,9.307,9.313,9.36,9.285,0.13%
10/31/2024,9.295,9.274,9.345,9.255,0.27%
10/30/2024,9.27,9.245,9.385,9.205,0.14%
10/29/2024,9.257,9.275,9.295,9.245,-0.35%
10/28/2024,9.29,9.29,9.325,9.255,0.05%
10/25/2024,9.285,9.38,9.385,9.255,-0.85%
10/24/2024,9.365,9.47,9.47,9.355,-1.47%
10/23/2024,9.505,9.325,9.505,9.325,1.93%
10/22/2024,9.325,9.355,9.39,9.305,-0.21%
10/21/2024,9.345,9.3,9.345,9.295,0.70%
10/18/2024,9.28,9.28,9.335,9.24,-0.27%
10/17/2024,9.305,9.225,9.325,9.225,0.81%
10/16/2024,9.23,9.223,9.24,9.185,0.16%
10/15/2024,9.215,9.215,9.215,9.17,0.11%
10/14/2024,9.205,9.132,9.215,9.13,0.55%
10/11/2024,9.155,9.132,9.155,9.045,0.16%
10/10/2024,9.14,9.167,9.19,9.105,-0.33%
10/9/2024,9.17,9.23,9.235,9.14,-0.70%
10/8/2024,9.235,9.223,9.255,9.205,0.27%
10/7/2024,9.21,9.22,9.26,9.205,0.05%
10/4/2024,9.205,9.14,9.255,9.115,0.55%
10/3/2024,9.155,9.07,9.17,9.015,1.05%
10/2/2024,9.06,8.96,9.173,8.96,1.06%
10/1/2024,8.965,8.83,8.97,8.793,1.36%
9/30/2024,8.845,8.795,8.845,8.785,0.51%
9/27/2024,8.8,8.835,8.85,8.755,-0.34%
9/26/2024,8.83,8.847,8.857,8.815,-0.17%
9/25/2024,8.845,8.852,8.875,8.825,0.00%
9/23/2024,8.845,8.855,8.887,8.83,-0.39%
9/20/2024,8.88,8.865,8.905,8.85,0.34%
9/19/2024,8.85,8.859,8.9,8.815,0.06%
9/18/2024,8.845,8.825,8.865,8.82,-0.11%
9/17/2024,8.855,8.827,8.865,8.79,0.34%
9/16/2024,8.825,8.905,8.91,8.815,-1.01%
9/13/2024,8.915,8.94,8.97,8.895,-0.94%
9/12/2024,9,8.995,9.055,8.985,0.02%
9/11/2024,8.998,8.975,9.018,8.885,-0.19%
9/10/2024,9.015,9.01,9.045,9,-0.06%
9/9/2024,9.02,8.995,9.025,8.995,0.33%
9/6/2024,8.99,9,9.005,8.92,-0.17%
9/5/2024,9.005,9.04,9.047,8.955,-0.33%
9/4/2024,9.035,9.205,9.21,9.025,-1.95%
9/3/2024,9.215,9.23,9.25,9.18,-0.11%
9/2/2024,9.225,9.23,9.26,9.205,0.27%
8/30/2024,9.2,9.145,9.205,9.105,0.71%
8/29/2024,9.135,9.125,9.145,9.09,-0.05%
8/28/2024,9.14,9.105,9.15,9.095,0.27%
8/27/2024,9.115,9.09,9.135,9.085,0.33%
8/26/2024,9.085,9.077,9.1,9.065,0.17%
8/23/2024,9.07,9.195,9.21,9.07,-1.52%
8/22/2024,9.21,9.137,9.23,9.105,0.99%
8/21/2024,9.12,9.295,9.295,9.12,-1.78%
8/20/2024,9.285,9.28,9.32,9.26,0.11%
8/19/2024,9.275,9.31,9.325,9.265,-0.48%
8/16/2024,9.32,9.237,9.34,9.195,0.98%
8/15/2024,9.23,9.165,9.245,9.125,1.04%
8/14/2024,9.135,9.255,9.268,9.13,-1.40%
8/13/2024,9.265,9.36,9.365,9.26,-1.01%
8/12/2024,9.36,9.4,9.405,9.345,-0.32%
8/8/2024,9.39,9.37,9.42,9.365,0.11%
8/7/2024,9.38,9.355,9.385,9.335,0.05%
8/6/2024,9.375,9.33,9.385,9.325,0.16%
8/5/2024,9.36,9.258,9.4,9.258,1.19%
8/2/2024,9.25,9.33,9.375,9.235,-1.02%
8/1/2024,9.345,9.4,9.418,9.285,-0.64%
7/31/2024,9.405,9.503,9.503,9.4,-1.05%
7/30/2024,9.505,9.5,9.515,9.465,0.00%
7/29/2024,9.505,9.455,9.518,9.44,0.30%
7/26/2024,9.477,9.44,9.488,9.425,0.02%
7/25/2024,9.475,9.485,9.56,9.455,-0.28%
7/24/2024,9.502,9.44,9.502,9.39,0.44%
7/23/2024,9.46,9.565,9.623,9.445,-1.10%
7/22/2024,9.565,9.645,9.665,9.55,-0.88%
7/19/2024,9.65,9.63,9.655,9.62,0.57%
7/18/2024,9.595,9.615,9.655,9.595,-0.05%
7/17/2024,9.6,9.55,9.645,9.535,0.47%
7/16/2024,9.555,9.585,9.598,9.505,-0.21%
7/15/2024,9.575,9.49,9.615,9.485,1.06%
7/12/2024,9.475,9.59,9.595,9.47,-0.99%
7/11/2024,9.57,9.74,9.74,9.555,-3.73%
7/10/2024,9.941,10.03,10.03,9.936,-0.84%
7/9/2024,10.025,9.74,10.031,9.947,0.57%
7/8/2024,9.968,9.75,9.994,9.926,-0.10%
7/5/2024,9.978,9.775,10.01,9.936,-0.26%
7/4/2024,10.004,9.825,10.057,10.004,-0.31%
7/3/2024,10.035,9.97,10.198,10.015,-1.40%
7/2/2024,10.178,9.97,10.267,10.157,-0.05%
7/1/2024,10.183,9.98,10.22,10.041,-0.30%
6/28/2024,10.214,10.125,10.372,10.089,-1.42%
6/27/2024,10.361,9.845,10.361,10.047,3.13%
6/26/2024,10.047,9.865,10.136,10.01,-0.31%
6/25/2024,10.078,9.82,10.078,9.994,0.00%
6/24/2024,10.078,9.705,10.11,9.89,1.80%
6/21/2024,9.9,9.765,10.01,9.848,-1.05%
6/20/2024,10.005,9.745,10.12,9.953,0.42%
6/19/2024,9.963,9.835,10.058,9.843,-1.15%
6/18/2024,10.079,10.11,10.388,10.067,-2.73%
6/14/2024,10.362,10.1,10.414,10.288,0.21%
6/13/2024,10.34,10.21,10.478,10.299,-0.82%
6/12/2024,10.425,10.225,10.572,10.409,-0.95%
6/11/2024,10.525,10.36,10.651,10.457,-0.94%
6/10/2024,10.625,10.535,10.814,10.625,-1.60%
6/7/2024,10.798,10.64,10.904,10.782,-1.02%
6/6/2024,10.909,10.715,10.983,10.856,-0.67%
6/5/2024,10.983,10.58,11.035,10.84,1.37%
6/4/2024,10.835,10.595,10.92,10.825,0.00%
6/3/2024,10.835,10.69,11.051,10.82,-1.11%
5/31/2024,10.957,10.605,11.057,10.851,1.08%
5/30/2024,10.84,10.625,11.004,10.783,0.53%
5/28/2024,10.783,10.56,10.852,10.783,-0.34%
5/27/2024,10.82,10.535,10.841,10.794,0.24%
5/24/2024,10.794,10.455,10.952,10.708,1.04%
5/23/2024,10.683,10.295,10.683,10.536,1.40%
5/22/2024,10.536,10.265,10.567,10.484,0.20%
5/21/2024,10.515,10.31,10.573,10.51,-0.30%
5/20/2024,10.547,10.36,10.62,10.547,-0.69%
5/17/2024,10.62,10.37,10.636,10.589,0.05%
5/16/2024,10.615,10.325,10.625,10.552,-0.25%
5/15/2024,10.642,10.5,10.757,10.636,-1.22%
5/14/2024,10.773,10.47,10.799,10.726,0.49%
5/13/2024,10.721,10.515,10.784,10.721,-0.48%
5/10/2024,10.773,10.525,10.786,10.747,-0.15%
5/9/2024,10.789,10.51,10.805,10.768,0.15%
5/8/2024,10.773,10.48,10.784,10.726,0.39%
5/7/2024,10.731,10.575,10.858,10.726,-1.12%
5/6/2024,10.852,10.615,10.894,10.842,-0.15%
5/3/2024,10.868,10.66,10.952,10.837,-0.29%
5/2/2024,10.9,10.625,10.905,10.853,-0.38%
4/30/2024,10.942,10.65,10.963,10.895,0.15%
4/29/2024,10.926,10.73,11.016,10.9,-1.19%
4/26/2024,11.058,10.89,11.264,11.005,-1.14%
4/25/2024,11.185,10.785,11.189,11.048,1.24%
4/24/2024,11.048,10.685,11.048,10.948,0.77%
4/23/2024,10.964,10.765,11.053,10.937,-0.56%
4/22/2024,11.026,10.795,11.069,11.016,2.33%
4/19/2024,10.775,10.775,10.775,10.775,0.89%
4/18/2024,10.68,10.68,10.68,10.68,-0.23%
4/17/2024,10.705,10.705,10.705,10.705,-1.43%
4/16/2024,10.86,10.86,10.86,10.86,0.70%
4/15/2024,10.785,10.785,10.785,10.785,0.37%
4/12/2024,10.745,10.745,10.745,10.745,0.51%
4/11/2024,10.69,10.69,10.69,10.69,1.23%
4/10/2024,10.56,10.56,10.56,10.56,0.67%
4/9/2024,10.49,10.49,10.49,10.49,-0.90%
4/8/2024,10.585,10.585,10.585,10.585,0.57%
4/5/2024,10.525,10.525,10.525,10.525,0.86%
4/4/2024,10.435,10.435,10.435,10.435,-0.95%
4/3/2024,10.535,10.535,10.535,10.535,-0.89%
4/2/2024,10.63,10.63,10.63,10.63,0.14%
3/28/2024,10.615,10.615,10.615,10.615,0.57%
3/27/2024,10.555,10.555,10.555,10.555,-0.47%
3/26/2024,10.605,10.605,10.605,10.605,1.34%
3/25/2024,10.465,10.465,10.465,10.465,0.38%
3/22/2024,10.425,10.425,10.425,10.425,0.00%
3/20/2024,10.425,10.425,10.425,10.425,-0.52%
3/19/2024,10.48,10.48,10.48,10.48,-0.14%
3/18/2024,10.495,10.495,10.495,10.495,1.25%
3/15/2024,10.365,10.365,10.365,10.365,1.22%
3/14/2024,10.24,10.24,10.24,10.24,0.29%
3/13/2024,10.21,10.21,10.21,10.21,0.44%
3/12/2024,10.165,10.165,10.165,10.165,0.59%
3/11/2024,10.105,10.105,10.105,10.105,-0.05%
3/8/2024,10.11,10.11,10.11,10.11,0.45%
3/7/2024,10.065,10.065,10.065,10.065,-0.30%
3/6/2024,10.095,10.095,10.095,10.095,-0.05%
3/5/2024,10.1,10.1,10.1,10.1,-0.30%
3/4/2024,10.13,10.13,10.13,10.13,0.20%
3/1/2024,10.11,10.11,10.11,10.11,-0.20%
2/29/2024,10.13,10.13,10.13,10.13,-0.59%
2/28/2024,10.19,10.19,10.19,10.19,-0.10%
2/27/2024,10.2,10.2,10.2,10.2,-0.39%
2/26/2024,10.24,10.24,10.24,10.24,1.04%
2/23/2024,10.135,10.135,10.135,10.135,1.30%
2/22/2024,10.005,10.005,10.005,10.005,-0.20%
2/21/2024,10.025,10.025,10.025,10.025,-0.79%
2/20/2024,10.105,10.105,10.105,10.105,-0.30%
2/19/2024,10.135,10.135,10.135,10.135,0.40%
2/16/2024,10.095,10.095,10.095,10.095,0.50%
2/15/2024,10.045,10.045,10.045,10.045,-1.18%
2/14/2024,10.165,10.165,10.165,10.165,0.54%
2/13/2024,10.11,10.11,10.11,10.11,0.65%
2/12/2024,10.045,10.045,10.045,10.045,0.90%
2/9/2024,9.955,9.955,9.955,9.955,0.40%
2/8/2024,9.915,9.915,9.915,9.915,0.30%
2/7/2024,9.885,9.885,9.885,9.885,0.82%
2/6/2024,9.805,9.805,9.805,9.805,-0.66%
2/5/2024,9.87,9.87,9.87,9.87,0.92%
2/2/2024,9.78,9.78,9.78,9.78,0.77%
2/1/2024,9.705,9.705,9.705,9.705,-0.46%
1/31/2024,9.75,9.75,9.75,9.75,-0.31%
1/30/2024,9.78,9.78,9.78,9.78,0.15%
1/29/2024,9.765,9.765,9.765,9.765,0.05%
1/26/2024,9.76,9.76,9.76,9.76,0.12%
1/25/2024,9.748,9.748,9.748,9.748,-0.02%
1/24/2024,9.75,9.75,9.75,9.75,-0.12%
1/23/2024,9.762,9.762,9.762,9.762,0.48%
1/22/2024,9.715,9.715,9.715,9.715,-0.51%
1/19/2024,9.765,9.765,9.765,9.765,-0.31%
1/18/2024,9.795,9.795,9.795,9.795,-0.31%
1/17/2024,9.825,9.825,9.825,9.825,0.15%
1/16/2024,9.81,9.81,9.81,9.81,0.87%
1/15/2024,9.725,9.725,9.725,9.725,0.52%
1/12/2024,9.675,9.675,9.675,9.675,-0.62%
1/11/2024,9.735,9.735,9.735,9.735,-0.05%
1/10/2024,9.74,9.74,9.74,9.74,0.21%
1/9/2024,9.72,9.72,9.72,9.72,-1.17%
1/8/2024,9.835,9.835,9.835,9.835,-0.30%
1/5/2024,9.865,9.865,9.865,9.865,-0.35%
1/4/2024,9.9,9.9,9.9,9.9,-0.15%
1/3/2024,9.915,9.915,9.915,9.915,0.61%
1/2/2024,9.855,9.855,9.855,9.855,0.87%
12/29/2023,9.77,9.77,9.77,9.77,0.46%
12/28/2023,9.725,9.725,9.725,9.725,-0.10%
12/27/2023,9.735,9.735,9.735,9.735,-0.10%
12/22/2023,9.745,9.745,9.745,9.745,-0.31%
12/21/2023,9.775,9.775,9.775,9.775,0.88%
12/20/2023,9.69,9.69,9.69,9.69,-0.41%
12/19/2023,9.73,9.73,9.73,9.73,0.83%
12/18/2023,9.65,9.65,9.65,9.65,-1.23%
12/14/2023,9.77,9.77,9.77,9.77,-2.88%
12/13/2023,10.06,10.06,10.06,10.06,-0.20%
12/12/2023,10.08,10.08,10.08,10.08,-0.54%
12/11/2023,10.135,10.135,10.135,10.135,0.80%
12/8/2023,10.055,10.055,10.055,10.055,0.70%
12/7/2023,9.985,9.985,9.985,9.985,0.05%
12/6/2023,9.98,9.98,9.98,9.98,-0.30%
12/5/2023,10.01,10.01,10.01,10.01,0.50%
12/4/2023,9.96,9.96,9.96,9.96,-0.20%
12/1/2023,9.98,9.98,9.98,9.98,0.00%
11/30/2023,9.98,9.98,9.98,9.98,0.66%
11/29/2023,9.915,9.915,9.915,9.915,-1.10%
11/28/2023,10.025,10.025,10.025,10.025,-1.18%
11/27/2023,10.145,10.145,10.145,10.145,-0.49%
11/24/2023,10.195,10.195,10.195,10.195,0.69%
11/23/2023,10.125,10.125,10.125,10.125,-0.15%
11/22/2023,10.14,10.14,10.14,10.14,2.37%
11/21/2023,9.905,9.905,9.905,9.905,-1.49%
11/20/2023,10.055,10.055,10.055,10.055,-0.20%
11/17/2023,10.075,10.075,10.075,10.075,0.25%
11/16/2023,10.05,10.05,10.05,10.05,-1.52%
11/15/2023,10.205,10.205,10.205,10.205,-0.29%
11/14/2023,10.235,10.235,10.235,10.235,-1.73%
11/13/2023,10.415,10.415,10.415,10.415,0.05%
11/10/2023,10.41,10.41,10.41,10.41,0.68%
11/9/2023,10.34,10.34,10.34,10.34,0.24%
11/8/2023,10.315,10.315,10.315,10.315,-0.82%
11/7/2023,10.4,10.4,10.4,10.4,0.05%
11/6/2023,10.395,10.395,10.395,10.395,0.97%
11/3/2023,10.295,10.295,10.295,10.295,-0.68%
11/2/2023,10.365,10.365,10.365,10.365,-1.89%
11/1/2023,10.565,10.565,10.565,10.565,-1.03%
10/31/2023,10.675,10.675,10.675,10.675,-0.28%
10/30/2023,10.705,10.705,10.705,10.705,0.42%
10/27/2023,10.66,10.66,10.66,10.66,-0.37%
10/26/2023,10.7,10.7,10.7,10.7,0.66%
10/25/2023,10.63,10.63,10.63,10.63,-0.42%
10/24/2023,10.675,10.675,10.675,10.675,-1.39%
10/23/2023,10.825,10.825,10.825,10.825,0.23%
10/20/2023,10.8,10.8,10.8,10.8,-0.78%
10/19/2023,10.885,10.885,10.885,10.885,0.55%
10/18/2023,10.825,10.825,10.825,10.825,0.60%
10/17/2023,10.76,10.76,10.76,10.76,0.23%
10/16/2023,10.735,10.735,10.735,10.735,0.05%
10/13/2023,10.73,10.73,10.73,10.73,0.56%
10/12/2023,10.67,10.67,10.67,10.67,-0.51%
10/11/2023,10.725,10.725,10.725,10.725,-0.60%
10/10/2023,10.79,10.79,10.79,10.79,-1.28%
10/9/2023,10.93,10.93,10.93,10.93,0.37%
10/6/2023,10.89,10.89,10.89,10.89,-1.04%
10/5/2023,11.005,11.005,11.005,11.005,-0.72%
10/4/2023,11.085,11.085,11.085,11.085,0.59%
10/3/2023,11.02,11.02,11.02,11.02,1.10%
10/2/2023,10.9,10.9,10.9,10.9,0.83%
9/29/2023,10.81,10.81,10.81,10.81,-2.08%
9/28/2023,11.04,11.04,11.04,11.04,1.94%
9/27/2023,10.83,10.83,10.83,10.83,0.51%
9/26/2023,10.775,10.775,10.775,10.775,1.13%
9/22/2023,10.655,10.655,10.655,10.655,0.85%
9/21/2023,10.565,10.565,10.565,10.565,1.05%
9/20/2023,10.455,10.455,10.455,10.455,-0.29%
9/19/2023,10.485,10.485,10.485,10.485,-0.24%
9/18/2023,10.51,10.51,10.51,10.51,0.33%
9/15/2023,10.475,10.475,10.475,10.475,0.34%
9/14/2023,10.44,10.44,10.44,10.44,0.34%
9/13/2023,10.405,10.405,10.405,10.405,0.05%
9/12/2023,10.4,10.4,10.4,10.4,0.10%
9/11/2023,10.39,10.39,10.39,10.39,0.14%
9/8/2023,10.375,10.375,10.375,10.375,-0.10%
9/7/2023,10.385,10.385,10.385,10.385,-0.24%
9/6/2023,10.41,10.41,10.41,10.41,0.00%
9/5/2023,10.41,10.41,10.41,10.41,0.73%
9/4/2023,10.335,10.335,10.335,10.335,0.34%
9/1/2023,10.3,10.3,10.3,10.3,0.24%
8/31/2023,10.275,10.275,10.275,10.275,0.69%
8/30/2023,10.205,10.205,10.205,10.205,0.39%
8/29/2023,10.165,10.165,10.165,10.165,0.05%
8/28/2023,10.16,10.16,10.16,10.16,-0.49%
8/25/2023,10.21,10.21,10.21,10.21,0.10%
8/24/2023,10.2,10.2,10.2,10.2,-0.87%
8/23/2023,10.29,10.29,10.29,10.29,-1.77%
8/22/2023,10.475,10.475,10.475,10.475,-0.57%
8/21/2023,10.535,10.535,10.535,10.535,0.62%
8/18/2023,10.47,10.47,10.47,10.47,0.48%
8/17/2023,10.42,10.42,10.42,10.42,0.72%
8/16/2023,10.345,10.345,10.345,10.345,-0.10%
8/15/2023,10.355,10.355,10.355,10.355,0.24%
8/14/2023,10.33,10.33,10.33,10.33,1.62%
8/11/2023,10.165,10.165,10.165,10.165,0.44%
8/10/2023,10.12,10.12,10.12,10.12,-0.93%
8/8/2023,10.215,10.215,10.215,10.215,-0.29%
8/7/2023,10.245,10.245,10.245,10.245,-0.15%
8/4/2023,10.26,10.26,10.26,10.26,-1.72%
8/3/2023,10.44,10.44,10.44,10.44,0.68%
8/2/2023,10.37,10.37,10.37,10.37,0.39%
8/1/2023,10.33,10.33,10.33,10.33,1.13%
7/31/2023,10.215,10.215,10.215,10.215,0.29%
7/28/2023,10.185,10.185,10.185,10.185,-0.29%
7/27/2023,10.215,10.215,10.215,10.215,-0.39%
7/26/2023,10.255,10.255,10.255,10.255,-0.29%
7/25/2023,10.285,10.285,10.285,10.285,0.24%
7/24/2023,10.26,10.26,10.26,10.26,-0.73%
7/21/2023,10.335,10.335,10.335,10.335,-0.19%
7/20/2023,10.355,10.355,10.355,10.355,0.49%
7/19/2023,10.305,10.305,10.305,10.305,-0.19%
7/18/2023,10.325,10.325,10.325,10.325,-1.15%
7/17/2023,10.445,10.445,10.445,10.445,-0.29%
7/14/2023,10.475,10.475,10.475,10.475,0.87%
7/13/2023,10.385,10.385,10.385,10.385,-0.72%
7/12/2023,10.46,10.46,10.46,10.46,-2.47%
7/11/2023,10.725,10.725,10.725,10.725,-0.74%
7/10/2023,10.805,10.805,10.805,10.805,0.32%
7/7/2023,10.77,10.77,10.77,10.77,0.70%
7/6/2023,10.695,10.695,10.695,10.695,1.71%
7/5/2023,10.515,10.515,10.515,10.515,-0.24%
7/4/2023,10.54,10.54,10.54,10.54,0.29%
7/3/2023,10.51,10.51,10.51,10.51,0.00%
6/30/2023,10.51,10.51,10.51,10.51,0.14%
6/29/2023,10.495,10.495,10.495,10.495,0.14%
6/28/2023,10.48,10.48,10.48,10.48,-0.38%
6/27/2023,10.52,10.52,10.52,10.52,-0.80%
6/26/2023,10.605,10.605,10.605,10.605,-0.66%
6/23/2023,10.675,10.675,10.675,10.675,-0.14%
6/22/2023,10.69,10.69,10.69,10.69,-0.28%
6/21/2023,10.72,10.72,10.72,10.72,-0.97%
6/20/2023,10.825,10.825,10.825,10.825,0.42%
6/19/2023,10.78,10.78,10.78,10.78,0.37%
6/15/2023,10.74,10.74,10.74,10.74,0.33%
6/14/2023,10.705,10.705,10.705,10.705,-0.09%
6/13/2023,10.715,10.715,10.715,10.715,-0.46%
6/12/2023,10.765,10.765,10.765,10.765,-0.51%
6/9/2023,10.82,10.82,10.82,10.82,-0.09%
6/8/2023,10.83,10.83,10.83,10.83,-0.91%
6/7/2023,10.93,10.93,10.93,10.93,-0.32%
6/6/2023,10.965,10.965,10.965,10.965,-1.39%
6/5/2023,11.12,11.12,11.12,11.12,-1.16%
6/2/2023,11.25,11.25,11.25,11.25,0.09%
6/1/2023,11.24,11.24,11.24,11.24,-0.53%
5/31/2023,11.3,11.3,11.3,11.3,-0.13%
5/30/2023,11.315,11.315,11.315,11.315,1.75%
5/29/2023,11.12,11.12,11.12,11.12,0.04%
5/26/2023,11.115,11.115,11.115,11.115,-0.45%
5/25/2023,11.165,11.165,11.165,11.165,1.09%
5/24/2023,11.045,11.045,11.045,11.045,-1.69%
5/23/2023,11.235,11.235,11.235,11.235,-0.13%
5/22/2023,11.25,11.25,11.25,11.25,0.63%
5/19/2023,11.18,11.18,11.18,11.18,0.13%
5/18/2023,11.165,11.165,11.165,11.165,1.00%
5/17/2023,11.055,11.055,11.055,11.055,2.79%
5/16/2023,10.755,10.755,10.755,10.755,0.09%
5/15/2023,10.745,10.745,10.745,10.745,-1.78%
5/12/2023,10.94,10.94,10.94,10.94,0.55%
5/11/2023,10.88,10.88,10.88,10.88,3.03%
5/10/2023,10.56,10.56,10.56,10.56,2.23%
5/9/2023,10.33,10.33,10.33,10.33,1.67%
5/8/2023,10.16,10.16,10.16,10.16,0.30%
5/5/2023,10.13,10.13,10.13,10.13,0.40%
5/4/2023,10.09,10.09,10.09,10.09,-0.35%
5/3/2023,10.125,10.125,10.125,10.125,-0.69%
5/2/2023,10.195,10.195,10.195,10.195,0.15%
4/28/2023,10.18,10.18,10.18,10.18,-0.24%
4/26/2023,10.205,10.205,10.205,10.205,-0.20%
4/25/2023,10.225,10.225,10.225,10.225,0.44%
4/24/2023,10.18,10.18,10.18,10.18,0.59%
4/21/2023,10.12,10.12,10.12,10.12,0.50%
4/20/2023,10.07,10.07,10.07,10.07,-0.44%
4/19/2023,10.115,10.115,10.115,10.115,0.65%
4/18/2023,10.05,10.05,10.05,10.05,0.00%
4/17/2023,10.05,10.05,10.05,10.05,1.06%
4/14/2023,9.945,9.945,9.945,9.945,0.61%
4/13/2023,9.885,9.885,9.885,9.885,-0.20%
4/12/2023,9.905,9.905,9.905,9.905,-0.35%
4/11/2023,9.94,9.94,9.94,9.94,1.12%
4/6/2023,9.83,9.83,9.83,9.83,0.51%
4/5/2023,9.78,9.78,9.78,9.78,-1.01%
4/4/2023,9.88,9.88,9.88,9.88,0.15%
4/3/2023,9.865,9.865,9.865,9.865,0.36%
3/31/2023,9.83,9.83,9.83,9.83,-0.71%
3/30/2023,9.9,9.9,9.9,9.9,0.87%
3/29/2023,9.815,9.815,9.815,9.815,-0.76%
3/28/2023,9.89,9.89,9.89,9.89,-0.35%
3/27/2023,9.925,9.925,9.925,9.925,-0.10%
3/24/2023,9.935,9.935,9.935,9.935,-0.15%
3/23/2023,9.95,9.95,9.95,9.95,-0.45%
3/22/2023,9.995,9.995,9.995,9.995,0.20%
3/20/2023,9.975,9.975,9.975,9.975,-0.60%
3/17/2023,10.035,10.035,10.035,10.035,-0.64%
3/16/2023,10.1,10.1,10.1,10.1,0.55%
3/15/2023,10.045,10.045,10.045,10.045,0.30%
3/14/2023,10.015,10.015,10.015,10.015,-0.10%
3/13/2023,10.025,10.025,10.025,10.025,-1.28%
3/10/2023,10.155,10.155,10.155,10.155,-0.39%
3/9/2023,10.195,10.195,10.195,10.195,0.30%
3/8/2023,10.165,10.165,10.165,10.165,-0.05%
3/7/2023,10.17,10.17,10.17,10.17,0.54%
3/6/2023,10.115,10.115,10.115,10.115,-0.25%
3/3/2023,10.14,10.14,10.14,10.14,-0.34%
3/2/2023,10.175,10.175,10.175,10.175,0.84%
3/1/2023,10.09,10.09,10.09,10.09,-0.20%
2/28/2023,10.11,10.11,10.11,10.11,0.45%
2/27/2023,10.065,10.065,10.065,10.065,-0.64%
2/24/2023,10.13,10.13,10.13,10.13,0.15%
2/23/2023,10.115,10.115,10.115,10.115,-0.39%
2/22/2023,10.155,10.155,10.155,10.155,-0.98%
2/21/2023,10.255,10.255,10.255,10.255,0.64%
2/20/2023,10.19,10.19,10.19,10.19,0.74%
2/17/2023,10.115,10.115,10.115,10.115,0.90%
2/16/2023,10.025,10.025,10.025,10.025,0.45%
2/15/2023,9.98,9.98,9.98,9.98,1.42%
2/14/2023,9.84,9.84,9.84,9.84,-0.10%
2/13/2023,9.85,9.85,9.85,9.85,-0.15%
2/10/2023,9.865,9.865,9.865,9.865,1.08%
2/9/2023,9.76,9.76,9.76,9.76,-0.15%
2/8/2023,9.775,9.775,9.775,9.775,0.15%
2/7/2023,9.76,9.76,9.76,9.76,0.62%
2/6/2023,9.7,9.7,9.7,9.7,1.20%
2/3/2023,9.585,9.585,9.585,9.585,0.89%
2/2/2023,9.5,9.5,9.5,9.5,-1.09%
2/1/2023,9.605,9.605,9.605,9.605,-0.72%
1/31/2023,9.675,9.675,9.675,9.675,-0.15%
1/30/2023,9.69,9.69,9.69,9.69,0.26%
1/27/2023,9.665,9.665,9.665,9.665,0.26%
1/26/2023,9.64,9.64,9.64,9.64,0.00%
1/25/2023,9.64,9.64,9.64,9.64,-1.08%
1/24/2023,9.745,9.745,9.745,9.745,-0.36%
1/23/2023,9.78,9.78,9.78,9.78,-0.14%
1/21/2023,9.794,9.794,9.794,9.794,0.04%
1/20/2023,9.79,9.79,9.79,9.79,0.51%
1/19/2023,9.74,9.74,9.74,9.74,0.88%
1/18/2023,9.655,9.655,9.655,9.655,-2.08%
1/17/2023,9.86,9.86,9.86,9.86,0.10%
1/16/2023,9.85,9.85,9.85,9.85,0.98%
1/14/2023,9.754,9.754,9.754,9.754,-0.11%
1/13/2023,9.765,9.765,9.765,9.765,-0.61%
1/12/2023,9.825,9.825,9.825,9.825,-0.71%
1/11/2023,9.895,9.895,9.895,9.895,0.46%
1/10/2023,9.85,9.85,9.85,9.85,1.13%
1/9/2023,9.74,9.74,9.74,9.74,-2.60%
1/6/2023,10,10,10,10,-0.60%
1/5/2023,10.06,10.06,10.06,10.06,0.50%
1/4/2023,10.01,10.01,10.01,10.01,-0.65%
1/3/2023,10.075,10.075,10.075,10.075,-1.08%
12/30/2022,10.185,10.185,10.185,10.185,-0.68%
12/29/2022,10.255,10.255,10.255,10.255,0.15%
12/28/2022,10.24,10.24,10.24,10.24,0.69%
12/23/2022,10.17,10.17,10.17,10.17,0.00%
12/22/2022,10.17,10.17,10.17,10.17,-0.39%
12/21/2022,10.21,10.21,10.21,10.21,0.54%
12/20/2022,10.155,10.155,10.155,10.155,0.15%
12/19/2022,10.14,10.14,10.14,10.14,-0.73%
12/15/2022,10.215,10.215,10.215,10.215,-0.44%
12/14/2022,10.26,10.26,10.26,10.26,-1.06%
12/13/2022,10.37,10.37,10.37,10.37,-1.29%
12/12/2022,10.505,10.505,10.505,10.505,0.33%
12/9/2022,10.47,10.47,10.47,10.47,0.48%
12/8/2022,10.42,10.42,10.42,10.42,-0.86%
12/7/2022,10.51,10.51,10.51,10.51,-0.90%
12/6/2022,10.605,10.605,10.605,10.605,0.00%
12/5/2022,10.605,10.605,10.605,10.605,-1.85%
12/2/2022,10.805,10.805,10.805,10.805,-1.23%
12/1/2022,10.94,10.94,10.94,10.94,6.37%
11/30/2022,10.285,10.285,10.285,10.285,0.54%
11/29/2022,10.23,10.23,10.23,10.23,-0.44%
11/28/2022,10.275,10.275,10.275,10.275,0.54%
11/25/2022,10.22,10.22,10.22,10.22,0.64%
11/24/2022,10.155,10.155,10.155,10.155,-0.39%
11/23/2022,10.195,10.195,10.195,10.195,-0.88%
11/22/2022,10.285,10.285,10.285,10.285,-1.06%
11/21/2022,10.395,10.395,10.395,10.395,0.00%
11/18/2022,10.395,10.395,10.395,10.395,-0.43%
11/17/2022,10.44,10.44,10.44,10.44,0.92%
11/16/2022,10.345,10.345,10.345,10.345,0.88%
11/15/2022,10.255,10.255,10.255,10.255,0.49%
11/14/2022,10.205,10.205,10.205,10.205,0.15%
11/11/2022,10.19,10.19,10.19,10.19,-0.88%
11/10/2022,10.28,10.28,10.28,10.28,-2.10%
11/9/2022,10.5,10.5,10.5,10.5,-0.28%
11/8/2022,10.53,10.53,10.53,10.53,-0.19%
11/7/2022,10.55,10.55,10.55,10.55,-0.71%
11/4/2022,10.625,10.625,10.625,10.625,-1.57%
11/3/2022,10.795,10.795,10.795,10.795,0.70%
11/2/2022,10.72,10.72,10.72,10.72,-0.83%
11/1/2022,10.81,10.81,10.81,10.81,-0.46%
10/31/2022,10.86,10.86,10.86,10.86,1.12%
10/28/2022,10.74,10.74,10.74,10.74,0.66%
10/27/2022,10.67,10.67,10.67,10.67,-0.56%
10/26/2022,10.73,10.73,10.73,10.73,-1.29%
10/25/2022,10.87,10.87,10.87,10.87,-1.63%
10/24/2022,11.05,11.05,11.05,11.05,0.23%
10/21/2022,11.025,11.025,11.025,11.025,0.73%
10/20/2022,10.945,10.945,10.945,10.945,0.69%
10/19/2022,10.87,10.87,10.87,10.87,0.60%
10/18/2022,10.805,10.805,10.805,10.805,0.23%
10/17/2022,10.78,10.78,10.78,10.78,-0.37%
10/14/2022,10.82,10.82,10.82,10.82,-0.23%
10/13/2022,10.845,10.845,10.845,10.845,0.14%
10/12/2022,10.83,10.83,10.83,10.83,0.84%
10/11/2022,10.74,10.74,10.74,10.74,0.19%
10/10/2022,10.72,10.72,10.72,10.72,0.80%
10/7/2022,10.635,10.635,10.635,10.635,-0.09%
10/6/2022,10.645,10.645,10.645,10.645,-0.65%
10/5/2022,10.715,10.715,10.715,10.715,0.70%
10/4/2022,10.64,10.64,10.64,10.64,-0.37%
10/3/2022,10.68,10.68,10.68,10.68,-1.93%
9/30/2022,10.89,10.89,10.89,10.89,-0.91%
9/29/2022,10.99,10.99,10.99,10.99,1.67%
9/28/2022,10.81,10.81,10.81,10.81,0.28%
9/27/2022,10.78,10.78,10.78,10.78,-0.87%
9/26/2022,10.875,10.875,10.875,10.875,0.97%
9/23/2022,10.77,10.77,10.77,10.77,1.70%
9/22/2022,10.59,10.59,10.59,10.59,0.76%
9/21/2022,10.51,10.51,10.51,10.51,-0.24%
9/20/2022,10.535,10.535,10.535,10.535,0.91%
9/19/2022,10.44,10.44,10.44,10.44,0.97%
9/16/2022,10.34,10.34,10.34,10.34,0.44%
9/15/2022,10.295,10.295,10.295,10.295,-0.24%
9/14/2022,10.32,10.32,10.32,10.32,1.23%
9/13/2022,10.195,10.195,10.195,10.195,0.10%
9/12/2022,10.185,10.185,10.185,10.185,-1.16%
9/9/2022,10.305,10.305,10.305,10.305,-0.72%
9/8/2022,10.38,10.38,10.38,10.38,0.05%
9/7/2022,10.375,10.375,10.375,10.375,-1.28%
9/6/2022,10.51,10.51,10.51,10.51,1.74%
9/5/2022,10.33,10.33,10.33,10.33,0.05%
9/2/2022,10.325,10.325,10.325,10.325,-2.13%
9/1/2022,10.55,10.55,10.55,10.55,1.05%
8/31/2022,10.44,10.44,10.44,10.44,1.06%
8/30/2022,10.33,10.33,10.33,10.33,0.83%
8/29/2022,10.245,10.245,10.245,10.245,0.54%
8/26/2022,10.19,10.19,10.19,10.19,-0.15%
8/25/2022,10.205,10.205,10.205,10.205,-0.92%
8/24/2022,10.3,10.3,10.3,10.3,-0.39%
8/23/2022,10.34,10.34,10.34,10.34,0.24%
8/22/2022,10.315,10.315,10.315,10.315,-0.10%
8/19/2022,10.325,10.325,10.325,10.325,1.37%
8/18/2022,10.185,10.185,10.185,10.185,0.15%
8/17/2022,10.17,10.17,10.17,10.17,0.89%
8/16/2022,10.08,10.08,10.08,10.08,0.80%
8/15/2022,10,10,10,10,0.70%
8/12/2022,9.93,9.93,9.93,9.93,1.17%
8/11/2022,9.815,9.815,9.815,9.815,-2.00%
8/10/2022,10.015,10.015,10.015,10.015,-2.39%
8/8/2022,10.26,10.26,10.26,10.26,-0.24%
8/5/2022,10.285,10.285,10.285,10.285,0.64%
8/4/2022,10.22,10.22,10.22,10.22,-1.26%
8/3/2022,10.35,10.35,10.35,10.35,0.05%
8/2/2022,10.345,10.345,10.345,10.345,-1.29%
8/1/2022,10.48,10.48,10.48,10.48,1.06%
7/30/2022,10.37,10.37,10.37,10.37,0.10%
7/29/2022,10.36,10.36,10.36,10.36,-0.62%
7/28/2022,10.425,10.425,10.425,10.425,-2.20%
7/27/2022,10.66,10.66,10.66,10.66,-0.09%
7/26/2022,10.67,10.67,10.67,10.67,1.43%
7/25/2022,10.52,10.52,10.52,10.52,-0.19%
7/22/2022,10.54,10.54,10.54,10.54,-1.95%
7/21/2022,10.75,10.75,10.75,10.75,-1.83%
7/20/2022,10.95,10.95,10.95,10.95,-1.48%
7/19/2022,11.115,11.115,11.115,11.115,0.27%
7/18/2022,11.085,11.085,11.085,11.085,0.68%
7/15/2022,11.01,11.01,11.01,11.01,0.00%
7/14/2022,11.01,11.01,11.01,11.01,1.99%
7/13/2022,10.795,10.795,10.795,10.795,-0.55%
7/12/2022,10.855,10.855,10.855,10.855,0.84%
7/11/2022,10.765,10.765,10.765,10.765,1.27%
7/8/2022,10.63,10.63,10.63,10.63,0.38%
7/7/2022,10.59,10.59,10.59,10.59,-1.17%
7/6/2022,10.715,10.715,10.715,10.715,0.85%
7/5/2022,10.625,10.625,10.625,10.625,1.38%
7/4/2022,10.48,10.48,10.48,10.48,0.53%
7/1/2022,10.425,10.425,10.425,10.425,-1.23%
6/30/2022,10.555,10.555,10.555,10.555,1.30%
6/29/2022,10.42,10.42,10.42,10.42,-0.14%
6/28/2022,10.435,10.435,10.435,10.435,1.07%
6/27/2022,10.325,10.325,10.325,10.325,0.63%
6/24/2022,10.26,10.26,10.26,10.26,1.63%
6/23/2022,10.095,10.095,10.095,10.095,-0.39%
6/22/2022,10.135,10.135,10.135,10.135,-0.30%
6/21/2022,10.165,10.165,10.165,10.165,-0.73%
6/20/2022,10.24,10.24,10.24,10.24,-0.05%
6/17/2022,10.245,10.245,10.245,10.245,-0.10%
6/15/2022,10.255,10.255,10.255,10.255,-1.30%
6/14/2022,10.39,10.39,10.39,10.39,-0.57%
6/13/2022,10.45,10.45,10.45,10.45,2.40%
6/10/2022,10.205,10.205,10.205,10.205,2.25%
6/9/2022,9.98,9.98,9.98,9.98,0.35%
6/8/2022,9.945,9.945,9.945,9.945,-0.20%
6/7/2022,9.965,9.965,9.965,9.965,0.71%
6/6/2022,9.895,9.895,9.895,9.895,0.66%
6/3/2022,9.83,9.83,9.83,9.83,-0.25%
6/2/2022,9.855,9.855,9.855,9.855,-0.15%
6/1/2022,9.87,9.87,9.87,9.87,0.36%
5/31/2022,9.835,9.835,9.835,9.835,1.76%
5/30/2022,9.665,9.665,9.665,9.665,-0.57%
5/27/2022,9.72,9.72,9.72,9.72,-0.56%
5/26/2022,9.775,9.775,9.775,9.775,0.05%
5/25/2022,9.77,9.77,9.77,9.77,0.36%
5/24/2022,9.735,9.735,9.735,9.735,0.15%
5/23/2022,9.72,9.72,9.72,9.72,-0.41%
5/20/2022,9.76,9.76,9.76,9.76,-1.21%
5/19/2022,9.88,9.88,9.88,9.88,-1.00%
5/18/2022,9.98,9.98,9.98,9.98,-0.20%
5/17/2022,10,10,10,10,-0.15%
5/16/2022,10.015,10.015,10.015,10.015,0.30%
5/13/2022,9.985,9.985,9.985,9.985,0.20%
5/12/2022,9.965,9.965,9.965,9.965,-0.75%
5/11/2022,10.04,10.04,10.04,10.04,-2.05%
5/10/2022,10.25,10.25,10.25,10.25,0.44%
5/9/2022,10.205,10.205,10.205,10.205,1.14%
5/6/2022,10.09,10.09,10.09,10.09,1.05%
5/5/2022,9.985,9.985,9.985,9.985,0.91%
5/4/2022,9.895,9.895,9.895,9.895,-0.60%
5/3/2022,9.955,9.955,9.955,9.955,0.00%
4/29/2022,9.955,9.955,9.955,9.955,-0.60%
4/28/2022,10.015,10.015,10.015,10.015,1.32%
4/26/2022,9.885,9.885,9.885,9.885,-0.25%
4/25/2022,9.91,9.91,9.91,9.91,0.56%
4/22/2022,9.855,9.855,9.855,9.855,-0.10%
4/21/2022,9.865,9.865,9.865,9.865,-0.30%
4/20/2022,9.895,9.895,9.895,9.895,-0.20%
4/19/2022,9.915,9.915,9.915,9.915,1.43%
4/14/2022,9.775,9.775,9.775,9.775,0.72%
4/13/2022,9.705,9.705,9.705,9.705,0.62%
4/12/2022,9.645,9.645,9.645,9.645,0.00%
4/11/2022,9.645,9.645,9.645,9.645,0.52%
4/8/2022,9.595,9.595,9.595,9.595,0.42%
4/7/2022,9.555,9.555,9.555,9.555,-0.42%
4/6/2022,9.595,9.595,9.595,9.595,0.16%
4/5/2022,9.58,9.58,9.58,9.58,0.26%
4/4/2022,9.555,9.555,9.555,9.555,-0.47%
4/1/2022,9.6,9.6,9.6,9.6,0.00%
3/31/2022,9.6,9.6,9.6,9.6,0.37%
3/30/2022,9.565,9.565,9.565,9.565,0.63%
3/29/2022,9.505,9.505,9.505,9.505,-1.55%
3/28/2022,9.655,9.655,9.655,9.655,-0.36%
3/25/2022,9.69,9.69,9.69,9.69,0.94%
3/24/2022,9.6,9.6,9.6,9.6,-1.44%
3/23/2022,9.74,9.74,9.74,9.74,-0.46%
3/22/2022,9.785,9.785,9.785,9.785,1.35%
3/18/2022,9.655,9.655,9.655,9.655,0.73%
3/17/2022,9.585,9.585,9.585,9.585,-0.42%
3/16/2022,9.625,9.625,9.625,9.625,-1.74%
3/15/2022,9.795,9.795,9.795,9.795,-0.61%
3/14/2022,9.855,9.855,9.855,9.855,1.18%
3/11/2022,9.74,9.74,9.74,9.74,-1.62%
3/10/2022,9.9,9.9,9.9,9.9,0.25%
3/9/2022,9.875,9.875,9.875,9.875,-3.75%
3/8/2022,10.26,10.26,10.26,10.26,2.65%
3/7/2022,9.995,9.995,9.995,9.995,3.25%
3/4/2022,9.68,9.68,9.68,9.68,1.04%
3/3/2022,9.58,9.58,9.58,9.58,0.37%
3/2/2022,9.545,9.545,9.545,9.545,0.42%
3/1/2022,9.505,9.505,9.505,9.505,0.58%
2/28/2022,9.45,9.45,9.45,9.45,2.00%
2/25/2022,9.265,9.265,9.265,9.265,-1.91%
2/24/2022,9.445,9.445,9.445,9.445,1.94%
2/23/2022,9.265,9.265,9.265,9.265,1.09%
2/22/2022,9.165,9.165,9.165,9.165,0.49%
2/21/2022,9.12,9.12,9.12,9.12,0.50%
2/18/2022,9.075,9.075,9.075,9.075,0.06%
2/17/2022,9.07,9.07,9.07,9.07,-0.33%
2/16/2022,9.1,9.1,9.1,9.1,-1.14%
2/15/2022,9.205,9.205,9.205,9.205,-0.16%
2/14/2022,9.22,9.22,9.22,9.22,0.27%
2/12/2022,9.195,9.195,9.195,9.195,0.00%
2/11/2022,9.195,9.195,9.195,9.195,0.27%
2/10/2022,9.17,9.17,9.17,9.17,-0.70%
2/9/2022,9.235,9.235,9.235,9.235,-1.12%
2/8/2022,9.34,9.34,9.34,9.34,-0.21%
2/7/2022,9.36,9.36,9.36,9.36,0.38%
2/4/2022,9.325,9.325,9.325,9.325,1.08%
2/3/2022,9.225,9.225,9.225,9.225,-0.38%
2/2/2022,9.26,9.26,9.26,9.26,-0.80%
2/1/2022,9.335,9.335,9.335,9.335,-0.69%
1/31/2022,9.4,9.4,9.4,9.4,-0.27%
1/28/2022,9.425,9.425,9.425,9.425,0.96%
1/27/2022,9.335,9.335,9.335,9.335,-0.16%
1/26/2022,9.35,9.35,9.35,9.35,-0.11%
1/25/2022,9.36,9.36,9.36,9.36,0.65%
1/24/2022,9.3,9.3,9.3,9.3,0.65%
1/21/2022,9.24,9.24,9.24,9.24,-0.65%
1/20/2022,9.3,9.3,9.3,9.3,-0.75%
1/19/2022,9.37,9.37,9.37,9.37,-0.95%
1/18/2022,9.46,9.46,9.46,9.46,0.48%
1/17/2022,9.415,9.415,9.415,9.415,0.48%
1/14/2022,9.37,9.37,9.37,9.37,-0.69%
1/13/2022,9.435,9.435,9.435,9.435,0.59%
1/12/2022,9.38,9.38,9.38,9.38,-1.57%
1/11/2022,9.53,9.53,9.53,9.53,0.47%
1/10/2022,9.485,9.485,9.485,9.485,0.85%
1/7/2022,9.405,9.405,9.405,9.405,-0.27%
1/6/2022,9.43,9.43,9.43,9.43,0.48%
1/5/2022,9.385,9.385,9.385,9.385,-0.48%
1/4/2022,9.43,9.43,9.43,9.43,1.02%
1/3/2022,9.335,9.335,9.335,9.335,-0.16%
12/31/2021,9.35,9.35,9.35,9.35,-0.85%
12/30/2021,9.43,9.43,9.43,9.43,0.32%
12/29/2021,9.4,9.4,9.4,9.4,0.00%
12/28/2021,9.4,9.4,9.4,9.4,1.18%
12/24/2021,9.29,9.29,9.29,9.29,-0.16%
12/23/2021,9.305,9.305,9.305,9.305,-0.85%
12/22/2021,9.385,9.385,9.385,9.385,0.64%
12/21/2021,9.325,9.325,9.325,9.325,1.14%
12/20/2021,9.22,9.22,9.22,9.22,-0.91%
12/17/2021,9.305,9.305,9.305,9.305,-1.53%
12/15/2021,9.45,9.45,9.45,9.45,0.48%
12/14/2021,9.405,9.405,9.405,9.405,-0.79%
12/13/2021,9.48,9.48,9.48,9.48,-0.11%
12/10/2021,9.49,9.49,9.49,9.49,0.05%
12/9/2021,9.485,9.485,9.485,9.485,0.32%
12/8/2021,9.455,9.455,9.455,9.455,-0.21%
12/7/2021,9.475,9.475,9.475,9.475,0.00%
12/6/2021,9.475,9.475,9.475,9.475,-1.30%
12/3/2021,9.6,9.6,9.6,9.6,-0.72%
12/2/2021,9.67,9.67,9.67,9.67,-0.97%
12/1/2021,9.765,9.765,9.765,9.765,-0.05%
11/30/2021,9.77,9.77,9.77,9.77,-0.91%
11/29/2021,9.86,9.86,9.86,9.86,-0.40%
11/26/2021,9.9,9.9,9.9,9.9,1.80%
11/25/2021,9.725,9.725,9.725,9.725,-0.31%
11/24/2021,9.755,9.755,9.755,9.755,0.72%
11/23/2021,9.685,9.685,9.685,9.685,0.94%
11/22/2021,9.595,9.595,9.595,9.595,1.21%
11/19/2021,9.48,9.48,9.48,9.48,0.26%
11/18/2021,9.455,9.455,9.455,9.455,-0.11%
11/17/2021,9.465,9.465,9.465,9.465,0.11%
11/16/2021,9.455,9.455,9.455,9.455,0.21%
11/15/2021,9.435,9.435,9.435,9.435,0.37%
11/12/2021,9.4,9.4,9.4,9.4,1.73%
11/11/2021,9.24,9.24,9.24,9.24,-1.60%
11/10/2021,9.39,9.39,9.39,9.39,1.13%
11/9/2021,9.285,9.285,9.285,9.285,-0.64%
11/8/2021,9.345,9.345,9.345,9.345,-1.11%
11/5/2021,9.45,9.45,9.45,9.45,-0.63%
11/4/2021,9.51,9.51,9.51,9.51,-2.01%
11/3/2021,9.705,9.705,9.705,9.705,0.78%
11/2/2021,9.63,9.63,9.63,9.63,-0.10%
11/1/2021,9.64,9.64,9.64,9.64,0.00%
10/29/2021,9.64,9.64,9.64,9.64,0.36%
10/28/2021,9.605,9.605,9.605,9.605,0.95%
10/27/2021,9.515,9.515,9.515,9.515,0.05%
10/26/2021,9.51,9.51,9.51,9.51,-0.47%
10/25/2021,9.555,9.555,9.555,9.555,-0.31%
10/22/2021,9.585,9.585,9.585,9.585,1.16%
10/21/2021,9.475,9.475,9.475,9.475,1.28%
10/20/2021,9.355,9.355,9.355,9.355,-0.27%
10/19/2021,9.38,9.38,9.38,9.38,-1.05%
10/18/2021,9.48,9.48,9.48,9.48,0.74%
10/15/2021,9.41,9.41,9.41,9.41,-0.58%
10/14/2021,9.465,9.465,9.465,9.465,0.91%
10/13/2021,9.38,9.38,9.38,9.38,-1.68%
10/12/2021,9.54,9.54,9.54,9.54,-0.05%
10/11/2021,9.545,9.545,9.545,9.545,0.32%
10/8/2021,9.515,9.515,9.515,9.515,0.90%
10/7/2021,9.43,9.43,9.43,9.43,-0.74%
10/6/2021,9.5,9.5,9.5,9.5,-0.16%
10/5/2021,9.515,9.515,9.515,9.515,1.33%
10/4/2021,9.39,9.39,9.39,9.39,1.84%
10/1/2021,9.22,9.22,9.22,9.22,-0.05%
9/30/2021,9.225,9.225,9.225,9.225,-0.49%
9/29/2021,9.27,9.27,9.27,9.27,-0.38%
9/28/2021,9.305,9.305,9.305,9.305,0.49%
9/27/2021,9.26,9.26,9.26,9.26,1.65%
9/23/2021,9.11,9.11,9.11,9.11,0.28%
9/22/2021,9.085,9.085,9.085,9.085,0.22%
9/21/2021,9.065,9.065,9.065,9.065,0.11%
9/20/2021,9.055,9.055,9.055,9.055,0.78%
9/17/2021,8.985,8.985,8.985,8.985,0.79%
9/16/2021,8.915,8.915,8.915,8.915,-0.22%
9/15/2021,8.935,8.935,8.935,8.935,0.45%
9/14/2021,8.895,8.895,8.895,8.895,-0.06%
9/13/2021,8.9,8.9,8.9,8.9,0.51%
9/10/2021,8.855,8.855,8.855,8.855,0.11%
9/9/2021,8.845,8.845,8.845,8.845,0.23%
9/8/2021,8.825,8.825,8.825,8.825,-0.34%
9/7/2021,8.855,8.855,8.855,8.855,0.51%
9/6/2021,8.81,8.81,8.81,8.81,0.00%
9/3/2021,8.81,8.81,8.81,8.81,0.57%
9/2/2021,8.76,8.76,8.76,8.76,-0.23%
9/1/2021,8.78,8.78,8.78,8.78,0.06%
8/31/2021,8.775,8.775,8.775,8.775,0.11%
8/30/2021,8.765,8.765,8.765,8.765,-0.57%
8/27/2021,8.815,8.815,8.815,8.815,-0.56%
8/26/2021,8.865,8.865,8.865,8.865,-0.11%
8/25/2021,8.875,8.875,8.875,8.875,0.17%
8/24/2021,8.86,8.86,8.86,8.86,-0.23%
8/23/2021,8.88,8.88,8.88,8.88,-0.84%
8/20/2021,8.955,8.955,8.955,8.955,0.06%
8/19/2021,8.95,8.95,8.95,8.95,0.96%
8/18/2021,8.865,8.865,8.865,8.865,-0.34%
8/17/2021,8.895,8.895,8.895,8.895,-0.06%
8/16/2021,8.9,8.9,8.9,8.9,0.17%
8/13/2021,8.885,8.885,8.885,8.885,-0.56%
8/12/2021,8.935,8.935,8.935,8.935,-0.33%
8/11/2021,8.965,8.965,8.965,8.965,0.17%
8/10/2021,8.95,8.95,8.95,8.95,-0.11%
8/6/2021,8.96,8.96,8.96,8.96,0.96%
8/5/2021,8.875,8.875,8.875,8.875,0.00%
8/4/2021,8.875,8.875,8.875,8.875,0.91%
8/3/2021,8.795,8.795,8.795,8.795,0.29%
8/2/2021,8.77,8.77,8.77,8.77,-0.62%
7/30/2021,8.825,8.825,8.825,8.825,-0.56%
7/29/2021,8.875,8.875,8.875,8.875,-0.56%
7/28/2021,8.925,8.925,8.925,8.925,0.62%
7/27/2021,8.87,8.87,8.87,8.87,0.45%
7/26/2021,8.83,8.83,8.83,8.83,-1.45%
7/23/2021,8.96,8.96,8.96,8.96,-0.06%
7/22/2021,8.965,8.965,8.965,8.965,0.28%
7/21/2021,8.94,8.94,8.94,8.94,-0.11%
7/20/2021,8.95,8.95,8.95,8.95,-0.17%
7/19/2021,8.965,8.965,8.965,8.965,0.28%
7/17/2021,8.94,8.94,8.94,8.94,0.06%
7/16/2021,8.935,8.935,8.935,8.935,-0.22%
7/15/2021,8.955,8.955,8.955,8.955,-0.39%
7/14/2021,8.99,8.99,8.99,8.99,-0.17%
7/13/2021,9.005,9.005,9.005,9.005,1.29%
7/12/2021,8.89,8.89,8.89,8.89,0.23%
7/9/2021,8.87,8.87,8.87,8.87,-0.22%
7/8/2021,8.89,8.89,8.89,8.89,-0.11%
7/7/2021,8.9,8.9,8.9,8.9,-0.22%
7/6/2021,8.92,8.92,8.92,8.92,0.22%
7/5/2021,8.9,8.9,8.9,8.9,-0.34%
7/2/2021,8.93,8.93,8.93,8.93,-0.28%
7/1/2021,8.955,8.955,8.955,8.955,0.84%
6/30/2021,8.88,8.88,8.88,8.88,-0.78%
6/29/2021,8.95,8.95,8.95,8.95,-0.11%
6/28/2021,8.96,8.96,8.96,8.96,-0.33%
6/25/2021,8.99,8.99,8.99,8.99,1.12%
6/24/2021,8.89,8.89,8.89,8.89,-0.67%
6/23/2021,8.95,8.95,8.95,8.95,-1.27%
6/22/2021,9.065,9.065,9.065,9.065,-0.28%
6/21/2021,9.09,9.09,9.09,9.09,1.45%
6/18/2021,8.96,8.96,8.96,8.96,0.22%
6/17/2021,8.94,8.94,8.94,8.94,1.59%
6/15/2021,8.8,8.8,8.8,8.8,1.32%
6/14/2021,8.685,8.685,8.685,8.685,0.29%
6/11/2021,8.66,8.66,8.66,8.66,0.12%
6/10/2021,8.65,8.65,8.65,8.65,-0.40%
6/9/2021,8.685,8.685,8.685,8.685,-0.34%
6/8/2021,8.715,8.715,8.715,8.715,-0.40%
6/7/2021,8.75,8.75,8.75,8.75,-0.17%
6/4/2021,8.765,8.765,8.765,8.765,-1.07%
6/3/2021,8.86,8.89,8.915,8.84,-0.28%
6/2/2021,8.885,8.885,8.885,8.885,-0.22%
6/1/2021,8.905,8.905,8.905,8.905,-0.06%
5/31/2021,8.91,8.91,8.91,8.91,-0.45%
5/28/2021,8.95,8.95,8.95,8.95,0.00%
5/27/2021,8.95,8.95,8.95,8.95,0.62%
5/26/2021,8.895,8.895,8.895,8.895,0.40%
5/25/2021,8.86,8.86,8.86,8.86,-1.12%
5/24/2021,8.96,8.96,8.96,8.96,-0.33%
5/21/2021,8.99,8.99,8.99,8.99,-0.66%
5/20/2021,9.05,9.05,9.05,9.05,-0.82%
5/19/2021,9.125,9.125,9.125,9.125,0.55%
5/18/2021,9.075,9.075,9.075,9.075,-0.38%
5/17/2021,9.11,9.11,9.11,9.11,0.05%
5/14/2021,9.105,9.105,9.105,9.105,-0.71%
5/13/2021,9.17,9.17,9.17,9.17,1.05%
5/12/2021,9.075,9.075,9.075,9.075,1.06%
5/11/2021,8.98,8.98,8.98,8.98,-0.11%
5/10/2021,8.99,8.99,8.99,8.99,-0.61%
5/7/2021,9.045,9.045,9.045,9.045,-0.39%
5/6/2021,9.08,9.08,9.08,9.08,-0.44%
5/5/2021,9.12,9.12,9.12,9.12,-0.33%
5/4/2021,9.15,9.15,9.15,9.15,-0.44%
5/3/2021,9.19,9.19,9.19,9.19,-1.08%
4/30/2021,9.29,9.29,9.29,9.29,0.27%
4/29/2021,9.265,9.265,9.265,9.265,0.49%
4/28/2021,9.22,9.22,9.22,9.22,0.71%
4/26/2021,9.155,9.155,9.155,9.155,-0.65%
4/23/2021,9.215,9.215,9.215,9.215,0.99%
4/22/2021,9.125,9.125,9.125,9.125,0.33%
4/21/2021,9.095,9.095,9.095,9.095,0.11%
4/20/2021,9.085,9.085,9.085,9.085,0.00%
4/19/2021,9.085,9.085,9.085,9.085,0.28%
4/16/2021,9.06,9.06,9.06,9.06,-0.49%
4/15/2021,9.105,9.105,9.105,9.105,-1.14%
4/14/2021,9.21,9.21,9.21,9.21,-1.60%
4/13/2021,9.36,9.36,9.36,9.36,0.05%
4/12/2021,9.355,9.355,9.355,9.355,0.59%
4/9/2021,9.3,9.3,9.3,9.3,0.87%
4/8/2021,9.22,9.22,9.22,9.22,-1.18%
4/7/2021,9.33,9.33,9.33,9.33,-1.43%
4/6/2021,9.465,9.465,9.465,9.465,-1.05%
4/1/2021,9.565,9.565,9.565,9.565,0.84%
3/31/2021,9.485,9.485,9.485,9.485,-0.58%
3/30/2021,9.54,9.54,9.54,9.54,0.95%
3/29/2021,9.45,9.45,9.45,9.45,-0.37%
3/26/2021,9.485,9.485,9.485,9.485,-0.52%
3/25/2021,9.535,9.535,9.535,9.535,1.01%
3/24/2021,9.44,9.44,9.44,9.44,0.80%
3/23/2021,9.365,9.365,9.365,9.365,0.32%
3/19/2021,9.335,9.335,9.335,9.335,-1.06%
3/18/2021,9.435,9.435,9.435,9.435,0.69%
3/17/2021,9.37,9.37,9.37,9.37,1.90%
3/16/2021,9.195,9.195,9.195,9.195,-0.81%
3/15/2021,9.27,9.27,9.27,9.27,-0.70%
3/12/2021,9.335,9.335,9.335,9.335,0.81%
3/11/2021,9.26,9.26,9.26,9.26,-2.11%
3/10/2021,9.46,9.46,9.46,9.46,-0.37%
3/9/2021,9.495,9.495,9.495,9.495,-0.68%
3/8/2021,9.56,9.56,9.56,9.56,2.58%
3/5/2021,9.32,9.32,9.32,9.32,1.97%
3/4/2021,9.14,9.14,9.14,9.14,1.16%
3/3/2021,9.035,9.035,9.035,9.035,0.11%
3/2/2021,9.025,9.025,9.025,9.025,0.95%
3/1/2021,8.94,8.94,8.94,8.94,-1.27%
2/26/2021,9.055,9.055,9.055,9.055,0.61%
2/25/2021,9,9,9,9,2.04%
2/24/2021,8.82,8.82,8.82,8.82,-0.23%
2/23/2021,8.84,8.84,8.84,8.84,-2.05%
2/22/2021,9.025,9.025,9.025,9.025,1.35%
2/19/2021,8.905,8.905,8.905,8.905,1.60%
2/18/2021,8.765,8.765,8.765,8.765,0.29%
2/17/2021,8.74,8.74,8.74,8.74,1.33%
2/16/2021,8.625,8.625,8.625,8.625,0.64%
2/15/2021,8.57,8.57,8.57,8.57,0.71%
2/12/2021,8.51,8.51,8.51,8.51,0.47%
2/11/2021,8.47,8.47,8.47,8.47,-0.94%
2/10/2021,8.55,8.55,8.55,8.55,-0.47%
2/9/2021,8.59,8.59,8.59,8.59,0.94%
2/8/2021,8.51,8.51,8.51,8.51,0.47%
2/6/2021,8.47,8.47,8.47,8.47,0.18%
2/5/2021,8.455,8.455,8.455,8.455,0.06%
2/4/2021,8.45,8.45,8.45,8.45,0.06%
2/3/2021,8.445,8.445,8.445,8.445,-1.17%
2/2/2021,8.545,8.545,8.545,8.545,-1.16%
2/1/2021,8.645,8.645,8.645,8.645,-1.03%
1/29/2021,8.735,8.735,8.735,8.735,-0.40%
1/28/2021,8.77,8.77,8.77,8.77,0.17%
1/27/2021,8.755,8.755,8.755,8.755,-0.23%
1/26/2021,8.775,8.775,8.775,8.775,-0.17%
1/25/2021,8.79,8.79,8.79,8.79,0.17%
1/22/2021,8.775,8.775,8.775,8.775,0.63%
1/21/2021,8.72,8.72,8.72,8.72,-0.40%
1/20/2021,8.755,8.755,8.755,8.755,-0.17%
1/19/2021,8.77,8.77,8.77,8.77,-0.96%
1/18/2021,8.855,8.855,8.855,8.855,0.11%
1/15/2021,8.845,8.845,8.845,8.845,0.91%
1/14/2021,8.765,8.765,8.765,8.765,-0.17%
1/13/2021,8.78,8.78,8.78,8.78,-0.23%
1/12/2021,8.8,8.8,8.8,8.8,-0.40%
1/11/2021,8.835,8.835,8.835,8.835,0.51%
1/8/2021,8.79,8.79,8.79,8.79,-0.11%
1/7/2021,8.8,8.8,8.8,8.8,1.32%
1/6/2021,8.685,8.685,8.685,8.685,0.00%
1/5/2021,8.685,8.685,8.685,8.685,0.29%
1/4/2021,8.66,8.66,8.66,8.66,-0.86%
