Date,10Y,20Y,5Y,10Y_5Y_Spread,20Y_10Y_Spread,10Y_5Y_Spread_MA30,20Y_10Y_Spread_MA30
2021/01/04,8.66,10.83,6.58,2.08,2.17,,
2021/01/05,8.685,10.905,6.595,2.09,2.22,,
2021/01/06,8.685,10.885,6.64,2.045,2.2,,
2021/01/07,8.8,10.935,6.735,2.065,2.135,,
2021/01/08,8.79,10.965,6.7,2.09,2.175,,
2021/01/11,8.835,10.99,6.74,2.095,2.155,,
2021/01/12,8.8,10.955,6.67,2.13,2.155,,
2021/01/13,8.78,10.945,6.65,2.13,2.165,,
2021/01/14,8.765,10.985,6.59,2.175,2.22,,
2021/01/15,8.845,11.055,6.65,2.195,2.21,,
2021/01/18,8.855,11,6.665,2.19,2.145,,
2021/01/19,8.77,10.92,6.59,2.18,2.15,,
2021/01/20,8.755,10.92,6.57,2.185,2.165,,
2021/01/21,8.72,10.8,6.64,2.08,2.08,,
2021/01/22,8.775,10.83,6.67,2.105,2.055,,
2021/01/25,8.79,10.85,6.68,2.11,2.06,,
2021/01/26,8.775,10.8,6.69,2.085,2.025,,
2021/01/27,8.755,10.81,6.7,2.055,2.055,,
2021/01/28,8.77,10.815,6.71,2.06,2.045,,
2021/01/29,8.735,10.825,6.685,2.05,2.09,,
2021/02/01,8.645,10.73,6.635,2.01,2.085,,
2021/02/02,8.545,10.64,6.62,1.925,2.095,,
2021/02/03,8.445,10.49,6.665,1.78,2.045,,
2021/02/04,8.45,10.49,6.65,1.8,2.04,,
2021/02/05,8.455,10.53,6.625,1.83,2.075,,
2021/02/06,8.47,10.545,6.64,1.83,2.075,,
2021/02/08,8.51,10.57,6.685,1.825,2.06,,
2021/02/09,8.59,10.62,6.725,1.865,2.03,,
2021/02/10,8.55,10.57,6.69,1.86,2.02,,
2021/02/11,8.47,10.485,6.66,1.81,2.015,2.024333333,2.107166667
2021/02/12,8.51,10.49,6.7,1.81,1.98,2.015333333,2.100833333
2021/02/15,8.57,10.525,6.805,1.765,1.955,2.0045,2.092
2021/02/16,8.625,10.62,6.91,1.715,1.995,1.9935,2.085166667
2021/02/17,8.74,10.7,7.025,1.715,1.96,1.981833333,2.079333333
2021/02/18,8.765,10.73,7.01,1.755,1.965,1.970666667,2.072333333
2021/02/19,8.905,10.9,7.13,1.775,1.995,1.96,2.067
2021/02/22,9.025,10.96,7.2,1.825,1.935,1.949833333,2.059666667
2021/02/23,8.84,10.73,7.135,1.705,1.89,1.935666667,2.0505
2021/02/24,8.82,10.665,7.13,1.69,1.845,1.9195,2.038
2021/02/25,9,10.81,7.345,1.655,1.81,1.9015,2.024666667
2021/02/26,9.055,10.79,7.4,1.655,1.735,1.883666667,2.011
2021/03/01,8.94,10.66,7.24,1.7,1.72,1.867666667,1.996666667
2021/03/02,9.025,10.74,7.31,1.715,1.715,1.852,1.981666667
2021/03/03,9.035,10.81,7.32,1.715,1.775,1.839833333,1.9715
2021/03/04,9.14,10.95,7.475,1.665,1.81,1.825166667,1.963333333
2021/03/05,9.32,10.94,7.54,1.78,1.62,1.814166667,1.948666667
2021/03/06,,10.94,,,,,
2021/03/08,9.56,11.205,7.77,1.79,1.645,,
2021/03/09,9.495,11.24,7.7,1.795,1.745,,
2021/03/10,9.46,11.16,7.58,1.88,1.7,,
2021/03/11,9.26,11.03,7.4,1.86,1.77,,
2021/03/12,9.335,11.116,7.505,1.83,1.781,,
2021/03/15,9.27,11.095,7.445,1.825,1.825,,
2021/03/16,9.195,11.12,7.32,1.875,1.925,,
2021/03/17,9.37,11.25,7.42,1.95,1.88,,
2021/03/18,9.435,11.435,7.4,2.035,2,,
2021/03/19,9.335,11.335,7.36,1.975,2,,
2021/03/23,9.365,11.24,7.45,1.915,1.875,,
2021/03/24,9.44,11.355,7.465,1.975,1.915,,
2021/03/25,9.535,11.45,7.555,1.98,1.915,,
2021/03/26,9.485,11.39,7.485,2,1.905,,
2021/03/29,9.45,11.425,7.43,2.02,1.975,,
2021/03/30,9.54,11.455,7.545,1.995,1.915,,
2021/03/31,9.485,11.365,7.475,2.01,1.88,,
2021/04/01,9.565,11.41,7.55,2.015,1.845,,
2021/04/06,9.465,11.285,7.475,1.99,1.82,,
2021/04/07,9.33,11.12,7.39,1.94,1.79,,
2021/04/08,9.22,11.03,7.395,1.825,1.81,,
2021/04/09,9.3,11.015,7.435,1.865,1.715,,
2021/04/12,9.355,11,7.535,1.82,1.645,,
2021/04/13,9.36,11.035,7.485,1.875,1.675,,
2021/04/14,9.21,10.865,7.375,1.835,1.655,,
2021/04/15,9.105,10.81,7.27,1.835,1.705,,
2021/04/16,9.06,10.835,7.165,1.895,1.775,,
2021/04/19,9.085,10.855,7.205,1.88,1.77,,
2021/04/20,9.085,10.875,7.21,1.875,1.79,,
2021/04/21,9.095,10.88,7.22,1.875,1.785,1.907833333,1.814366667
2021/04/22,9.125,10.925,7.265,1.86,1.8,1.910166667,1.819533333
2021/04/23,9.215,11.05,7.27,1.945,1.835,1.915166667,1.822533333
2021/04/26,9.155,11.04,7.25,1.905,1.885,1.916,1.8287
2021/04/28,9.22,11.095,7.3,1.92,1.875,1.918,1.8322
2021/04/29,9.265,11.135,7.355,1.91,1.87,1.920666667,1.835166667
2021/04/30,9.29,11.205,7.39,1.9,1.915,1.923166667,1.838166667
2021/05/03,9.19,11.07,7.315,1.875,1.88,1.923166667,1.836666667
2021/05/04,9.15,10.96,7.33,1.82,1.81,1.918833333,1.834333333
2021/05/05,9.12,10.94,7.32,1.8,1.82,1.911,1.828333333
2021/05/06,9.08,10.86,7.31,1.77,1.78,1.904166667,1.821
2021/05/07,9.045,10.82,7.265,1.78,1.775,1.899666667,1.817666667
2021/05/08,,,7.27,,,,
2021/05/10,8.99,10.78,7.245,1.745,1.79,,
2021/05/11,8.98,10.745,7.33,1.65,1.765,,
2021/05/12,9.075,10.825,7.39,1.685,1.75,,
2021/05/13,9.17,10.915,7.475,1.695,1.745,,
2021/05/14,9.105,10.845,7.4,1.705,1.74,,
2021/05/17,9.11,10.855,7.41,1.7,1.745,,
2021/05/18,9.075,10.85,7.38,1.695,1.775,,
2021/05/19,9.125,10.805,7.425,1.7,1.68,,
2021/05/20,9.05,10.795,7.36,1.69,1.745,,
2021/05/21,8.99,10.745,7.31,1.68,1.755,,
2021/05/24,8.96,10.75,7.265,1.695,1.79,,
2021/05/25,8.86,10.63,7.275,1.585,1.77,,
2021/05/26,8.895,10.61,7.305,1.59,1.715,,
2021/05/27,8.95,10.68,7.36,1.59,1.73,,
2021/05/28,8.95,10.695,7.355,1.595,1.745,,
2021/05/31,8.91,10.635,7.335,1.575,1.725,,
2021/06/01,8.905,10.605,7.35,1.555,1.7,,
2021/06/02,8.885,10.6,7.36,1.525,1.715,,
2021/06/03,8.86,10.565,7.32,1.54,1.705,,
2021/06/04,8.765,10.41,7.26,1.505,1.645,,
2021/06/07,8.75,10.355,7.275,1.475,1.605,,
2021/06/08,8.715,10.365,7.215,1.5,1.65,,
2021/06/09,8.685,10.35,7.14,1.545,1.665,,
2021/06/10,8.65,10.32,7.095,1.555,1.67,,
2021/06/11,8.66,10.36,7.115,1.545,1.7,,
2021/06/14,8.685,10.385,7.135,1.55,1.7,,
2021/06/15,8.8,10.455,7.23,1.57,1.655,,
2021/06/17,8.94,10.535,7.37,1.57,1.595,,
2021/06/18,8.96,10.52,7.435,1.525,1.56,,
2021/06/21,9.09,10.645,7.475,1.615,1.555,1.605,1.702833333
2021/06/22,9.065,10.715,7.42,1.645,1.65,1.601666667,1.698166667
2021/06/23,8.95,10.59,7.325,1.625,1.64,1.600833333,1.694
2021/06/24,8.89,10.535,7.305,1.585,1.645,1.5975,1.6905
2021/06/25,8.99,10.59,7.465,1.525,1.6,1.591833333,1.685666667
2021/06/28,8.96,10.585,7.405,1.555,1.625,1.586833333,1.681833333
2021/06/29,8.95,10.555,7.425,1.525,1.605,1.581,1.677166667
2021/06/30,8.88,10.515,7.435,1.445,1.635,1.572666667,1.6725
2021/07/01,8.955,10.555,7.55,1.405,1.6,1.562833333,1.669833333
2021/07/02,8.93,10.48,7.495,1.435,1.55,1.554333333,1.663333333
2021/07/05,8.9,10.445,7.52,1.38,1.545,1.544333333,1.656333333
2021/07/06,8.92,10.415,7.53,1.39,1.495,1.534166667,1.6465
2021/07/07,8.9,10.44,7.495,1.405,1.54,1.528166667,1.638833333
2021/07/08,8.89,10.485,7.475,1.415,1.595,1.522333333,1.634833333
2021/07/09,8.87,10.5,7.43,1.44,1.63,1.517333333,1.6315
2021/07/12,8.89,10.56,7.47,1.42,1.67,1.5115,1.629
2021/07/13,9.005,10.68,7.575,1.43,1.675,1.506666667,1.627333333
2021/07/14,8.99,10.695,7.605,1.385,1.705,1.501,1.6275
2021/07/15,8.955,10.665,7.555,1.4,1.71,1.496833333,1.627333333
2021/07/16,8.935,10.655,7.535,1.4,1.72,1.492166667,1.627833333
2021/07/17,8.94,10.66,7.536,1.404,1.72,1.4888,1.630333333
2021/07/19,8.965,10.73,7.505,1.46,1.765,1.4883,1.635666667
2021/07/20,8.95,10.755,7.46,1.49,1.805,1.487966667,1.640833333
2021/07/21,8.94,10.785,7.445,1.495,1.845,1.4863,1.646833333
2021/07/22,8.965,10.87,7.435,1.53,1.905,1.485466667,1.654666667
2021/07/23,8.96,10.84,7.34,1.62,1.88,1.487966667,1.660666667
2021/07/26,8.83,10.64,7.27,1.56,1.81,1.4883,1.664333333
2021/07/27,8.87,10.615,7.33,1.54,1.745,1.4873,1.667333333
2021/07/28,8.925,10.66,7.37,1.555,1.735,1.4868,1.672
2021/07/29,8.875,10.6,7.36,1.515,1.725,1.486466667,1.6775
2021/07/30,8.825,10.545,7.325,1.5,1.72,1.482633333,1.683
2021/08/02,8.77,10.475,7.275,1.495,1.705,1.477633333,1.684833333
2021/08/03,8.795,10.52,7.31,1.485,1.725,1.472966667,1.687666667
2021/08/04,8.875,10.6,7.35,1.525,1.725,1.470966667,1.690333333
2021/08/05,8.875,10.595,7.345,1.53,1.72,1.471133333,1.694333333
2021/08/06,8.96,10.705,7.43,1.53,1.745,1.4703,1.698333333
2021/08/10,8.95,10.68,7.445,1.505,1.73,1.469633333,1.7025
2021/08/11,8.965,10.695,7.45,1.515,1.73,1.471966667,1.705666667
2021/08/12,8.935,10.62,7.425,1.51,1.685,1.475466667,1.7085
2021/08/13,8.885,10.545,7.385,1.5,1.66,1.477633333,1.712166667
2021/08/16,8.9,10.575,7.37,1.53,1.675,1.482633333,1.7165
2021/08/17,8.895,10.6,7.355,1.54,1.705,1.487633333,1.7235
2021/08/18,8.865,10.595,7.305,1.56,1.73,1.4928,1.729833333
2021/08/19,8.95,10.605,7.365,1.585,1.655,1.498466667,1.731833333
2021/08/20,8.955,10.58,7.355,1.6,1.625,1.5038,1.731666667
2021/08/21,,10.6,,,,,
2021/08/23,8.88,10.52,7.325,1.555,1.64,,
2021/08/24,8.86,10.49,7.31,1.55,1.63,,
2021/08/25,8.875,10.465,7.32,1.555,1.59,,
2021/08/26,8.865,10.445,7.355,1.51,1.58,,
2021/08/27,8.815,10.395,7.335,1.48,1.58,,
2021/08/30,8.765,10.32,7.305,1.46,1.555,,
2021/08/31,8.775,10.33,7.31,1.465,1.555,,
2021/09/01,8.78,10.405,7.305,1.475,1.625,,
2021/09/02,8.76,10.38,7.295,1.465,1.62,,
2021/09/03,8.81,10.44,7.34,1.47,1.63,,
2021/09/06,8.81,10.44,7.36,1.45,1.63,,
2021/09/07,8.855,10.47,7.375,1.48,1.615,,
2021/09/08,8.825,10.435,7.37,1.455,1.61,,
2021/09/09,8.845,10.455,7.395,1.45,1.61,,
2021/09/10,8.855,10.455,7.4,1.455,1.6,,
2021/09/13,8.9,10.5,7.425,1.475,1.6,,
2021/09/14,8.895,10.49,7.42,1.475,1.595,,
2021/09/15,8.935,10.52,7.425,1.51,1.585,,
2021/09/16,8.915,10.51,7.42,1.495,1.595,,
2021/09/17,8.985,10.575,7.465,1.52,1.59,,
2021/09/20,9.055,10.6,7.505,1.55,1.545,,
2021/09/21,9.065,10.63,7.5,1.565,1.565,,
2021/09/22,9.085,10.63,7.51,1.575,1.545,,
2021/09/23,9.11,10.73,7.625,1.485,1.62,,
2021/09/27,9.26,10.81,7.635,1.625,1.55,,
2021/09/28,9.305,10.89,7.665,1.64,1.585,,
2021/09/29,9.27,10.86,7.62,1.65,1.59,,
2021/09/30,9.225,10.85,7.595,1.63,1.625,,
2021/10/01,9.22,10.815,7.615,1.605,1.595,,
2021/10/04,9.39,11.005,7.72,1.67,1.615,1.524833333,1.595666667
2021/10/05,9.515,11.11,7.8,1.715,1.595,1.530166667,1.594166667
2021/10/06,9.5,11.015,7.835,1.665,1.515,1.534,1.590333333
2021/10/07,9.43,10.835,7.795,1.635,1.405,1.536666667,1.584166667
2021/10/08,9.515,10.965,7.95,1.565,1.45,1.5385,1.579833333
2021/10/11,9.545,10.955,7.975,1.57,1.41,1.5415,1.574166667
2021/10/12,9.54,10.91,7.925,1.615,1.37,1.546666667,1.568
2021/10/13,9.38,10.775,7.805,1.575,1.395,1.550333333,1.562666667
2021/10/14,9.465,10.85,7.865,1.6,1.385,1.5545,1.554666667
2021/10/15,9.41,10.8,7.855,1.555,1.39,1.5575,1.547
2021/10/18,9.48,10.84,8.005,1.475,1.36,1.557666667,1.538
2021/10/19,9.38,10.75,7.925,1.455,1.37,1.557833333,1.529333333
2021/10/20,9.355,10.77,7.875,1.48,1.415,1.557833333,1.522666667
2021/10/21,9.475,10.915,7.97,1.505,1.44,1.5595,1.517
2021/10/22,9.585,10.985,8.065,1.52,1.4,1.561833333,1.51
2021/10/25,9.555,10.97,7.995,1.56,1.415,1.565333333,1.503833333
2021/10/26,9.51,10.9,7.965,1.545,1.39,1.567666667,1.496833333
2021/10/27,9.515,10.91,7.97,1.545,1.395,1.57,1.490166667
2021/10/28,9.605,10.94,8.105,1.5,1.335,1.569666667,1.481833333
2021/10/29,9.64,10.88,8.2,1.44,1.24,1.567833333,1.47
2021/11/01,9.64,10.88,8.2,1.44,1.24,1.565166667,1.458333333
2021/11/02,9.63,10.87,8.255,1.375,1.24,1.559333333,1.448166667
2021/11/03,9.705,10.91,8.275,1.43,1.205,1.554833333,1.436166667
2021/11/04,9.51,10.79,8.14,1.37,1.28,1.548,1.427333333
2021/11/05,9.45,10.69,8.055,1.395,1.24,1.545,1.414666667
2021/11/08,9.345,10.57,7.97,1.375,1.225,1.536666667,1.403833333
2021/11/09,9.285,10.52,7.885,1.4,1.235,1.528666667,1.392166667
2021/11/10,9.39,10.64,8.055,1.335,1.25,1.518166667,1.380833333
2021/11/11,9.24,10.405,7.945,1.295,1.165,1.507,1.3655
2021/11/12,9.4,10.57,8.035,1.365,1.17,1.499,1.351333333
2021/11/15,9.435,10.56,8.015,1.42,1.125,1.490666667,1.335
2021/11/16,9.455,10.655,7.995,1.46,1.2,1.482166667,1.321833333
2021/11/17,9.465,10.695,7.94,1.525,1.23,1.4775,1.312333333
2021/11/18,9.455,10.67,7.965,1.49,1.215,1.472666667,1.306
2021/11/19,9.48,10.655,7.985,1.495,1.175,1.470333333,1.296833333
2021/11/22,9.595,10.78,8.045,1.55,1.185,1.469666667,1.289333333
2021/11/23,9.685,10.88,8.115,1.57,1.195,1.468166667,1.2835
2021/11/24,9.755,10.92,8.175,1.58,1.165,1.468333333,1.275833333
2021/11/25,9.725,10.875,8.165,1.56,1.15,1.467,1.268
2021/11/26,9.9,11.065,8.175,1.725,1.165,1.472666667,1.2605
2021/11/29,9.86,10.985,8.13,1.73,1.125,1.481166667,1.252666667
2021/11/30,9.77,10.9,8.035,1.735,1.13,1.4905,1.244666667
2021/12/01,9.765,10.835,8.055,1.71,1.07,1.498166667,1.233166667
2021/12/02,9.67,10.8,7.995,1.675,1.13,1.503833333,1.222833333
2021/12/03,9.6,10.83,7.955,1.645,1.23,1.508,1.217166667
2021/12/06,9.475,10.705,7.895,1.58,1.23,1.508666667,1.211
2021/12/07,9.475,10.665,7.89,1.585,1.19,1.51,1.204333333
2021/12/08,9.455,10.655,7.855,1.6,1.2,1.511833333,1.197833333
2021/12/09,9.485,10.73,7.835,1.65,1.245,1.516833333,1.194833333
2021/12/10,9.49,10.78,7.875,1.615,1.29,1.522666667,1.1965
2021/12/13,9.48,10.81,7.855,1.625,1.33,1.528833333,1.1995
2021/12/14,9.405,10.75,7.775,1.63,1.345,1.537333333,1.203
2021/12/15,9.45,10.81,7.815,1.635,1.36,1.544166667,1.208166667
2021/12/17,9.305,10.695,7.675,1.63,1.39,1.552833333,1.211833333
2021/12/20,9.22,10.54,7.595,1.625,1.32,1.5605,1.2145
2021/12/21,9.325,10.65,7.66,1.665,1.325,1.570166667,1.217833333
2021/12/22,9.385,10.63,7.745,1.64,1.245,1.578166667,1.218166667
2021/12/23,9.305,10.58,7.745,1.56,1.275,1.585666667,1.219
2021/12/24,9.29,10.54,7.725,1.565,1.25,1.594666667,1.221833333
2021/12/28,9.4,10.54,7.765,1.635,1.14,1.603666667,1.220833333
2021/12/29,9.4,10.67,7.845,1.555,1.27,1.608166667,1.225666667
2021/12/30,9.43,10.7,7.9,1.53,1.27,1.6105,1.228
2021/12/31,9.35,10.63,7.86,1.49,1.28,1.609333333,1.229666667
2022/01/03,9.335,10.605,7.87,1.465,1.27,1.6085,1.2315
2022/01/04,9.43,10.72,7.935,1.495,1.29,1.6085,1.235333333
2022/01/05,9.385,10.695,7.92,1.465,1.31,1.605666667,1.2395
2022/01/06,9.43,10.715,7.925,1.505,1.285,1.6035,1.2425
2022/01/07,9.405,10.695,7.885,1.52,1.29,1.6015,1.246666667
2022/01/10,9.485,10.765,7.935,1.55,1.28,1.601166667,1.251
2022/01/11,9.53,10.84,7.89,1.64,1.31,1.598333333,1.255833333
2022/01/12,9.38,10.695,7.765,1.615,1.315,1.5945,1.262166667
2022/01/13,9.435,10.76,7.815,1.62,1.325,1.590666667,1.268666667
2022/01/14,9.37,10.66,7.76,1.61,1.29,1.587333333,1.276
2022/01/17,9.415,10.655,7.785,1.63,1.24,1.585833333,1.279666667
2022/01/18,9.46,10.645,7.84,1.62,1.185,1.585,1.278166667
2022/01/19,9.37,10.53,7.775,1.595,1.16,1.5855,1.275833333
2022/01/20,9.3,10.475,7.67,1.63,1.175,1.587,1.275333333
2022/01/21,9.24,10.44,7.625,1.615,1.2,1.5875,1.275333333
2022/01/24,9.3,10.52,7.67,1.63,1.22,1.586833333,1.2745
2022/01/25,9.36,10.615,7.785,1.575,1.255,1.5855,1.273333333
2022/01/26,9.35,10.48,7.715,1.635,1.13,1.585833333,1.266666667
2022/01/27,9.335,10.49,7.735,1.6,1.155,1.584833333,1.260333333
2022/01/28,9.425,10.64,7.795,1.63,1.215,1.584666667,1.2555
2022/01/31,9.4,10.61,7.745,1.655,1.21,1.5855,1.2495
2022/02/01,9.335,10.45,7.655,1.68,1.115,1.587333333,1.242666667
2022/02/02,9.26,10.44,7.66,1.6,1.18,1.585166667,1.237833333
2022/02/03,9.225,10.4,7.625,1.6,1.175,1.583833333,1.2355
2022/02/04,9.325,10.45,7.725,1.6,1.125,1.585166667,1.2305
2022/02/07,9.36,10.46,7.79,1.57,1.1,1.585333333,1.2255
2022/02/08,9.34,10.46,7.8,1.54,1.12,1.582166667,1.224833333
2022/02/09,9.235,10.4,7.715,1.52,1.165,1.581,1.221333333
2022/02/10,9.17,10.3,7.7,1.47,1.13,1.579,1.216666667
2022/02/11,9.195,10.355,7.76,1.435,1.16,1.577166667,1.212666667
2022/02/12,9.195,10.35,7.755,1.44,1.155,1.576333333,1.208833333
2022/02/14,9.22,10.375,7.785,1.435,1.155,1.574333333,1.204333333
2022/02/15,9.205,10.32,7.765,1.44,1.115,1.5735,1.197833333
2022/02/16,9.1,10.26,7.66,1.44,1.16,1.571333333,1.193666667
2022/02/17,9.07,10.28,7.605,1.465,1.21,1.5695,1.191
2022/02/18,9.075,10.24,7.645,1.43,1.165,1.5655,1.187166667
2022/02/21,9.12,10.28,7.7,1.42,1.16,1.558166667,1.182166667
2022/02/22,9.165,10.34,7.685,1.48,1.175,1.553666667,1.1775
2022/02/23,9.265,10.43,7.76,1.505,1.165,1.549833333,1.172166667
2022/02/24,9.445,10.67,7.905,1.54,1.225,1.5475,1.17
2022/02/25,9.265,10.425,7.775,1.49,1.16,1.542833333,1.167333333
2022/02/28,9.45,10.63,7.915,1.535,1.18,1.54,1.167166667
2022/03/01,9.505,10.635,7.95,1.555,1.13,1.538666667,1.166166667
2022/03/02,9.545,10.73,8.035,1.51,1.185,1.534666667,1.1665
2022/03/03,9.58,10.69,8.01,1.57,1.11,1.533166667,1.1635
2022/03/04,9.68,10.77,8.155,1.525,1.09,1.529666667,1.159166667
2022/03/07,9.995,11.06,8.51,1.485,1.065,1.526666667,1.152833333
2022/03/08,10.26,11.325,8.805,1.455,1.065,1.520666667,1.150666667
2022/03/09,9.875,10.915,8.465,1.41,1.04,1.514333333,1.146833333
2022/03/10,9.9,10.94,8.475,1.425,1.04,1.5075,1.141
2022/03/11,9.74,10.75,8.34,1.4,1.01,1.499,1.134333333
2022/03/13,,10.74,8.325,,,,
2022/03/14,9.855,10.87,8.45,1.405,1.015,,
2022/03/15,9.795,10.86,8.37,1.425,1.065,,
2022/03/16,9.625,10.685,8.225,1.4,1.06,,
2022/03/17,9.585,10.63,8.265,1.32,1.045,,
2022/03/18,9.655,10.71,8.335,1.32,1.055,,
2022/03/22,9.785,10.795,8.52,1.265,1.01,,
2022/03/23,9.74,10.735,8.45,1.29,0.995,,
2022/03/24,9.6,10.55,8.375,1.225,0.95,,
2022/03/25,9.69,10.63,8.455,1.235,0.94,,
2022/03/28,9.655,10.57,8.415,1.24,0.915,,
2022/03/29,9.505,10.48,8.235,1.27,0.975,,
2022/03/30,9.565,10.515,8.21,1.355,0.95,,
2022/03/31,9.6,10.6,8.145,1.455,1,,
2022/04/01,9.6,10.61,8.16,1.44,1.01,,
2022/04/04,9.555,10.55,8.095,1.46,0.995,,
2022/04/05,9.58,10.58,8.22,1.36,1,,
2022/04/06,9.595,10.55,8.235,1.36,0.955,,
2022/04/07,9.555,10.545,8.13,1.425,0.99,,
2022/04/08,9.595,10.61,8.085,1.51,1.015,,
2022/04/11,9.645,10.66,8.085,1.56,1.015,,
2022/04/12,9.645,10.675,8.08,1.565,1.03,,
2022/04/13,9.705,10.715,8.105,1.6,1.01,,
2022/04/14,9.775,10.785,8.145,1.63,1.01,,
2022/04/19,9.915,10.92,8.25,1.665,1.005,,
2022/04/20,9.895,10.955,8.19,1.705,1.06,,
2022/04/21,9.865,10.865,8.18,1.685,1,,
2022/04/22,9.855,10.855,8.24,1.615,1,,
2022/04/25,9.91,10.945,8.23,1.68,1.035,,
2022/04/26,9.885,10.895,8.21,1.675,1.01,,
2022/04/28,10.015,11.075,8.315,1.7,1.06,1.461333333,1.005833333
2022/04/29,9.955,10.995,8.325,1.63,1.04,1.468833333,1.006666667
2022/05/03,9.955,10.93,8.315,1.64,0.975,1.476,1.003666667
2022/05/04,9.895,10.905,8.325,1.57,1.01,1.481666667,1.002
2022/05/05,9.985,11.025,8.445,1.54,1.04,1.489,1.001833333
2022/05/06,10.09,11.06,8.505,1.585,0.97,1.497833333,0.999
2022/05/09,10.205,11.125,8.625,1.58,0.92,1.508333333,0.996
2022/05/10,10.25,11.25,8.655,1.595,1,1.5185,0.996166667
2022/05/11,10.04,11.06,8.46,1.58,1.02,1.530333333,0.9985
2022/05/12,9.965,10.99,8.335,1.63,1.025,1.5435,1.001333333
2022/05/13,9.985,11.03,8.355,1.63,1.045,1.5565,1.005666667
2022/05/16,10.015,11.035,8.37,1.645,1.02,1.569,1.007166667
2022/05/17,10,11.1,8.415,1.585,1.1,1.576666667,1.012166667
2022/05/18,9.98,11.1,8.38,1.6,1.12,1.5815,1.016166667
2022/05/19,9.88,11.03,8.275,1.605,1.15,1.587,1.020833333
2022/05/20,9.76,10.91,8.205,1.555,1.15,1.590166667,1.026
2022/05/23,9.72,10.855,8.215,1.505,1.135,1.595,1.0305
2022/05/24,9.735,10.85,8.28,1.455,1.115,1.598166667,1.035833333
2022/05/25,9.77,10.955,8.26,1.51,1.185,1.601,1.042333333
2022/05/26,9.775,10.945,8.27,1.505,1.17,1.600833333,1.0475
2022/05/27,9.72,10.92,8.235,1.485,1.2,1.598333333,1.053666667
2022/05/30,9.665,10.88,8.14,1.525,1.215,1.597,1.059833333
2022/05/31,9.835,11.03,8.265,1.57,1.195,1.596,1.066
2022/06/01,9.87,11.02,8.285,1.585,1.15,1.5945,1.070666667
2022/06/02,9.855,11.01,8.27,1.585,1.155,1.591833333,1.075666667
2022/06/03,9.83,10.98,8.28,1.55,1.15,1.586666667,1.078666667
2022/06/06,9.895,11.025,8.315,1.58,1.13,1.583166667,1.083
2022/06/07,9.965,11.095,8.415,1.55,1.13,1.581,1.087333333
2022/06/08,9.945,11.1,8.415,1.53,1.155,1.576,1.091333333
2022/06/09,9.98,11.145,8.49,1.49,1.165,1.569833333,1.0965
2022/06/10,10.205,11.37,8.69,1.515,1.165,1.563666667,1.1
2022/06/13,10.45,11.545,8.955,1.495,1.095,1.559166667,1.101833333
2022/06/14,10.39,11.435,8.895,1.495,1.045,1.554333333,1.104166667
2022/06/15,10.255,11.32,8.74,1.515,1.065,1.5525,1.106
2022/06/17,10.245,11.325,8.695,1.55,1.08,1.552833333,1.107333333
2022/06/20,10.24,11.35,8.675,1.565,1.11,1.552166667,1.112
2022/06/21,10.165,11.295,8.575,1.59,1.13,1.5525,1.119
2022/06/22,10.135,11.245,8.585,1.55,1.11,1.551,1.122666667
2022/06/23,10.095,11.25,8.61,1.485,1.155,1.547833333,1.127166667
2022/06/24,10.26,11.345,8.755,1.505,1.085,1.543666667,1.129166667
2022/06/27,10.325,11.435,8.825,1.5,1.11,1.539333333,1.131333333
2022/06/28,10.435,11.525,8.895,1.54,1.09,1.535833333,1.133666667
2022/06/29,10.42,11.51,8.77,1.65,1.09,1.538,1.133333333
2022/06/30,10.555,11.635,8.895,1.66,1.08,1.54,1.132
2022/07/01,10.425,11.52,8.78,1.645,1.095,1.541333333,1.130166667
2022/07/04,10.48,11.575,8.805,1.675,1.095,1.545333333,1.128333333
2022/07/05,10.625,11.65,8.92,1.705,1.025,1.552,1.124666667
2022/07/06,10.715,11.72,9.115,1.6,1.005,1.556833333,1.121
2022/07/07,10.59,11.64,8.98,1.61,1.05,1.560166667,1.1165
2022/07/08,10.63,11.645,9.01,1.62,1.015,1.564,1.111333333
2022/07/11,10.765,11.755,9.135,1.63,0.99,1.568833333,1.104333333
2022/07/12,10.855,11.86,9.235,1.62,1.005,1.572,1.097333333
2022/07/13,10.795,11.855,9.205,1.59,1.06,1.572666667,1.092833333
2022/07/14,11.01,12.03,9.425,1.585,1.02,1.572666667,1.0885
2022/07/15,11.01,11.92,9.455,1.555,0.91,1.571666667,1.080333333
2022/07/18,11.085,11.96,9.545,1.54,0.875,1.571333333,1.071166667
2022/07/19,11.115,11.995,9.525,1.59,0.88,1.571666667,1.062833333
2022/07/20,10.95,11.88,9.4,1.55,0.93,1.571666667,1.056166667
2022/07/21,10.75,11.58,9.305,1.445,0.83,1.568833333,1.045333333
2022/07/22,10.54,11.41,9.15,1.39,0.87,1.5655,1.0355
2022/07/25,10.52,11.405,9.08,1.44,0.885,1.563,1.026166667
2022/07/26,10.67,11.59,9.18,1.49,0.92,1.562833333,1.020333333
2022/07/27,10.66,11.585,9.16,1.5,0.925,1.563,1.016333333
2022/07/28,10.425,11.405,8.945,1.48,0.98,1.561833333,1.0135
2022/07/29,10.36,11.325,8.92,1.44,0.965,1.558166667,1.009666667
2022/07/30,10.37,11.33,8.935,1.435,0.96,1.553833333,1.004666667
2022/08/01,10.48,11.39,9.055,1.425,0.91,1.548333333,0.997333333
2022/08/02,10.345,11.305,8.965,1.38,0.96,1.542666667,0.992333333
2022/08/03,10.35,11.27,8.995,1.355,0.92,1.538333333,0.9845
2022/08/04,10.22,11.115,8.815,1.405,0.895,1.535,0.978166667
2022/08/05,10.285,11.15,8.905,1.38,0.865,1.531,0.97
2022/08/08,10.26,11.12,8.875,1.385,0.86,1.525833333,0.962333333
2022/08/10,10.015,10.95,8.625,1.39,0.935,1.517166667,0.957166667
2022/08/11,9.815,10.77,8.49,1.325,0.955,1.506,0.953
2022/08/12,9.93,10.985,8.615,1.315,1.055,1.495,0.951666667
2022/08/15,10,11.07,8.63,1.37,1.07,1.484833333,0.950833333
2022/08/16,10.08,11.165,8.67,1.41,1.085,1.475,0.952833333
2022/08/17,10.17,11.225,8.77,1.4,1.055,1.468333333,0.9545
2022/08/18,10.185,11.245,8.795,1.39,1.06,1.461,0.954833333
2022/08/19,10.325,11.37,8.925,1.4,1.045,1.453666667,0.955833333
2022/08/22,10.315,11.35,8.91,1.405,1.035,1.446166667,0.957333333
2022/08/23,10.34,11.365,8.945,1.395,1.025,1.438666667,0.958
2022/08/24,10.3,11.3,8.85,1.45,1,1.434,0.956
2022/08/25,10.205,11.17,8.75,1.455,0.965,1.429666667,0.954166667
2022/08/26,10.19,11.155,8.74,1.45,0.965,1.426166667,0.956
2022/08/29,10.245,11.205,8.795,1.45,0.96,1.423166667,0.958833333
2022/08/30,10.33,11.295,8.88,1.45,0.965,1.4185,0.961666667
2022/08/31,10.44,11.4,8.975,1.465,0.96,1.415666667,0.962666667
2022/09/01,10.55,11.47,9.055,1.495,0.92,1.417333333,0.965666667
2022/09/02,10.325,11.245,8.85,1.475,0.92,1.420166667,0.967333333
2022/09/05,10.33,11.26,8.89,1.44,0.93,1.420166667,0.968833333
2022/09/06,10.51,11.47,9.01,1.5,0.96,1.4205,0.970166667
2022/09/07,10.375,11.33,8.88,1.495,0.955,1.420333333,0.971166667
2022/09/08,10.38,11.415,8.895,1.485,1.035,1.4205,0.973
2022/09/09,10.305,11.35,8.82,1.485,1.045,1.422,0.975666667
2022/09/12,10.185,11.25,8.76,1.425,1.065,1.421666667,0.979166667
2022/09/13,10.195,11.25,8.85,1.345,1.055,1.419,0.984
2022/09/14,10.32,11.315,8.98,1.34,0.995,1.417666667,0.985166667
2022/09/15,10.295,11.265,8.975,1.32,0.97,1.4165,0.986833333
2022/09/16,10.34,11.34,9.03,1.31,1,1.413333333,0.990333333
2022/09/19,10.44,11.43,9.06,1.38,0.99,1.413333333,0.9945
2022/09/20,10.535,11.52,9.15,1.385,0.985,1.413333333,0.998666667
2022/09/21,10.51,11.495,9.1,1.41,0.985,1.414,1.000333333
2022/09/22,10.59,11.495,9.14,1.45,0.905,1.418166667,0.998666667
2022/09/23,10.77,11.775,9.345,1.425,1.005,1.421833333,0.997
2022/09/26,10.875,11.845,9.445,1.43,0.97,1.423833333,0.993666667
2022/09/27,10.78,11.805,9.405,1.375,1.025,1.422666667,0.991666667
2022/09/28,10.81,11.835,9.415,1.395,1.025,1.4225,0.990666667
2022/09/29,10.99,12,9.55,1.44,1.01,1.424166667,0.989
2022/09/30,10.89,11.905,9.47,1.42,1.015,1.424833333,0.988
2022/10/03,10.68,11.7,9.24,1.44,1.02,1.426,0.9875
2022/10/04,10.64,11.67,9.155,1.485,1.03,1.429,0.987666667
2022/10/05,10.715,11.775,9.24,1.475,1.06,1.429833333,0.989666667
2022/10/06,10.645,11.715,9.16,1.485,1.07,1.430833333,0.993166667
2022/10/07,10.635,11.715,9.18,1.455,1.08,1.431,0.997
2022/10/10,10.72,11.8,9.23,1.49,1.08,1.432333333,1.001
2022/10/11,10.74,11.825,9.18,1.56,1.085,1.436,1.005
2022/10/12,10.83,11.94,9.215,1.615,1.11,1.441,1.01
2022/10/13,10.845,11.95,9.2,1.645,1.105,1.446,1.016166667
2022/10/14,10.82,11.925,9.19,1.63,1.105,1.451166667,1.022333333
2022/10/17,10.78,11.87,9.155,1.625,1.09,1.457333333,1.027666667
2022/10/18,10.805,11.875,9.195,1.61,1.07,1.461,1.031333333
2022/10/19,10.87,11.92,9.25,1.62,1.05,1.465166667,1.0345
2022/10/20,10.945,12.01,9.365,1.58,1.065,1.468333333,1.0355
2022/10/21,11.025,12.035,9.375,1.65,1.01,1.473833333,1.034333333
2022/10/24,11.05,12.045,9.405,1.645,0.995,1.481166667,1.032
2022/10/25,10.87,11.88,9.22,1.65,1.01,1.491333333,1.0305
2022/10/26,10.73,11.74,9.005,1.725,1.01,1.504166667,1.031
2022/10/27,10.67,11.73,8.915,1.755,1.06,1.518666667,1.034
2022/10/28,10.74,11.84,9.005,1.735,1.1,1.532833333,1.037333333
2022/10/31,10.86,11.935,9.08,1.78,1.075,1.546166667,1.040166667
2022/11/01,10.81,11.89,9.06,1.75,1.08,1.558333333,1.043333333
2022/11/02,10.72,11.815,9.03,1.69,1.095,1.567666667,1.047
2022/11/03,10.795,11.84,9.13,1.665,1.045,1.574833333,1.051666667
2022/11/04,10.625,11.715,9.045,1.58,1.09,1.58,1.0545
2022/11/07,10.55,11.56,8.925,1.625,1.01,1.5865,1.055833333
2022/11/08,10.53,11.525,8.885,1.645,0.995,1.5955,1.054833333
2022/11/09,10.5,11.555,8.89,1.61,1.055,1.602666667,1.055833333
2022/11/10,10.28,11.335,8.73,1.55,1.055,1.606333333,1.057333333
2022/11/11,10.19,11.305,8.71,1.48,1.115,1.608333333,1.060666667
2022/11/14,10.205,11.36,8.68,1.525,1.155,1.611166667,1.065166667
2022/11/15,10.255,11.455,8.67,1.585,1.2,1.6145,1.070833333
2022/11/16,10.345,11.525,8.745,1.6,1.18,1.618666667,1.074833333
2022/11/17,10.44,11.575,8.8,1.64,1.135,1.623833333,1.077
2022/11/18,10.395,11.535,8.78,1.615,1.14,1.629166667,1.079
2022/11/21,10.395,11.565,8.725,1.67,1.17,1.635166667,1.082
2022/11/22,10.285,11.53,8.66,1.625,1.245,1.637333333,1.087333333
2022/11/23,10.195,11.41,8.655,1.54,1.215,1.634833333,1.090833333
2022/11/24,10.155,11.35,8.58,1.575,1.195,1.6325,1.093833333
2022/11/25,10.22,11.425,8.69,1.53,1.205,1.629166667,1.097166667
2022/11/28,10.275,11.48,8.72,1.555,1.205,1.626833333,1.101
2022/11/29,10.23,11.44,8.705,1.525,1.21,1.624,1.105666667
2022/11/30,10.285,11.505,8.725,1.56,1.22,1.622,1.111333333
2022/12/01,10.94,12.165,9.28,1.66,1.225,1.624666667,1.116666667
2022/12/02,10.805,11.935,9.215,1.59,1.13,1.622666667,1.120666667
2022/12/05,10.605,11.73,9.05,1.555,1.125,1.619666667,1.125
2022/12/06,10.605,11.745,9.035,1.57,1.14,1.617,1.129333333
2022/12/07,10.51,11.69,8.915,1.595,1.18,1.612666667,1.135
2022/12/08,10.42,11.65,8.86,1.56,1.23,1.606166667,1.140666667
2022/12/09,10.47,11.785,8.95,1.52,1.315,1.599,1.147833333
2022/12/12,10.505,11.825,8.985,1.52,1.32,1.590333333,1.156
2022/12/13,10.37,11.62,8.83,1.54,1.25,1.583333333,1.161666667
2022/12/14,10.26,11.525,8.76,1.5,1.265,1.577,1.167333333
2022/12/15,10.215,11.49,8.76,1.455,1.275,1.57,1.175
2022/12/19,10.14,11.42,8.72,1.42,1.28,1.564666667,1.181333333
2022/12/20,10.155,11.445,8.74,1.415,1.29,1.557666667,1.190666667
2022/12/21,10.21,11.51,8.78,1.43,1.3,1.5505,1.200833333
2022/12/22,10.17,11.51,8.745,1.425,1.34,1.544333333,1.210333333
2022/12/23,10.17,11.535,8.73,1.44,1.365,1.540666667,1.220666667
2022/12/28,10.24,11.615,8.82,1.42,1.375,1.538666667,1.229333333
2022/12/29,10.255,11.63,8.82,1.435,1.375,1.535666667,1.236666667
2022/12/30,10.185,11.565,8.765,1.42,1.38,1.530166667,1.242666667
2023/01/03,10.075,11.465,8.65,1.425,1.39,1.524333333,1.249666667
2023/01/04,10.01,11.435,8.535,1.475,1.425,1.518833333,1.259333333
2023/01/05,10.06,11.47,8.57,1.49,1.41,1.514666667,1.268333333
2023/01/06,10,11.395,8.45,1.55,1.395,1.510666667,1.275833333
2023/01/09,9.74,11.14,8.2,1.54,1.4,1.507833333,1.281
2023/01/10,9.85,11.275,8.325,1.525,1.425,1.507333333,1.288
2023/01/11,9.895,11.26,8.335,1.56,1.365,1.506833333,1.293666667
2023/01/12,9.825,11.16,8.205,1.62,1.335,1.509833333,1.298
2023/01/13,9.765,11.195,8.205,1.56,1.43,1.51,1.3055
2023/01/14,9.754,,8.204,1.55,,1.510833333,
2023/01/16,9.85,11.385,8.255,1.595,1.535,1.512,
2023/01/17,9.86,11.415,8.285,1.575,1.555,1.509166667,
2023/01/18,9.655,11.235,8.135,1.52,1.58,1.506833333,
2023/01/19,9.74,11.41,8.265,1.475,1.67,1.504166667,
2023/01/20,9.79,11.38,8.26,1.53,1.59,1.502833333,
2023/01/21,9.794,,8.274,1.52,,1.500333333,
2023/01/23,9.78,11.38,8.26,1.52,1.6,1.499,
2023/01/24,9.745,11.345,8.24,1.505,1.6,1.4985,
2023/01/25,9.64,11.16,8.17,1.47,1.52,1.496833333,
2023/01/26,9.64,11.21,8.12,1.52,1.57,1.496166667,
2023/01/27,9.665,11.285,8.135,1.53,1.62,1.497166667,
2023/01/30,9.69,11.32,8.15,1.54,1.63,1.5,
2023/01/31,9.675,11.345,8.13,1.545,1.67,1.504166667,
2023/02/01,9.605,11.26,8.075,1.53,1.655,1.508,
2023/02/02,9.5,11.205,8,1.5,1.705,1.510333333,
2023/02/03,9.585,11.295,8.12,1.465,1.71,1.511666667,
2023/02/06,9.7,11.41,8.26,1.44,1.71,1.511666667,
2023/02/07,9.76,11.485,8.3,1.46,1.725,1.513,
2023/02/08,9.775,11.45,8.32,1.455,1.675,1.513666667,
2023/02/09,9.76,11.36,8.27,1.49,1.6,1.516,
2023/02/10,9.865,11.42,8.35,1.515,1.555,1.519,
2023/02/13,9.85,11.39,8.355,1.495,1.54,1.519666667,
2023/02/14,9.84,11.385,8.37,1.47,1.545,1.519,
2023/02/15,9.98,11.56,8.46,1.52,1.58,1.518,
2023/02/16,10.025,11.535,8.52,1.505,1.51,1.516833333,
2023/02/17,10.115,11.565,8.58,1.535,1.45,1.517166667,
2023/02/20,10.19,11.645,8.62,1.57,1.455,1.5175,
2023/02/21,10.255,11.79,8.65,1.605,1.535,1.517,
2023/02/22,10.155,11.69,8.535,1.62,1.535,1.519,
2023/02/23,10.115,11.605,8.5,1.615,1.49,1.521166667,
2023/02/24,10.13,11.495,8.64,1.49,1.365,1.517666667,
2023/02/27,10.065,11.505,8.58,1.485,1.44,1.514666667,
2023/02/28,10.11,11.52,8.57,1.54,1.41,1.515333333,
2023/03/01,10.09,11.47,8.55,1.54,1.38,1.5175,
2023/03/02,10.175,11.53,8.6,1.575,1.355,1.519,
2023/03/03,10.14,11.48,8.565,1.575,1.34,1.520833333,1.549166667
2023/03/06,10.115,11.46,8.54,1.575,1.345,1.522666667,1.540666667
2023/03/07,10.17,11.665,8.56,1.61,1.495,1.526166667,1.537166667
2023/03/08,10.165,11.59,8.58,1.585,1.425,1.53,1.534
2023/03/09,10.195,11.64,8.61,1.585,1.445,1.532166667,1.529833333
2023/03/10,10.155,11.635,8.52,1.635,1.48,1.535666667,1.525166667
2023/03/13,10.025,11.605,8.415,1.61,1.58,1.538,1.5235
2023/03/14,10.015,11.62,8.42,1.595,1.605,1.539666667,1.521333333
2023/03/15,10.045,11.815,8.4,1.645,1.77,1.5435,1.525166667
2023/03/16,10.1,11.845,8.44,1.66,1.745,1.548833333,1.5265
2023/03/17,10.035,11.685,8.41,1.625,1.65,1.554166667,1.5245
2023/03/20,9.975,11.655,8.36,1.615,1.68,1.56,1.5235
2023/03/22,9.995,11.64,8.385,1.61,1.645,1.565,1.520833333
2023/03/23,9.95,11.615,8.36,1.59,1.665,1.5695,1.5205
2023/03/24,9.935,11.705,8.34,1.595,1.77,1.573,1.526166667
2023/03/27,9.925,11.735,8.335,1.59,1.81,1.5755,1.534666667
2023/03/28,9.89,11.72,8.35,1.54,1.83,1.577,1.544333333
2023/03/29,9.815,11.75,8.3,1.515,1.935,1.5785,1.557333333
2023/03/30,9.9,11.58,8.44,1.46,1.68,1.5765,1.560666667
2023/03/31,9.83,11.545,8.435,1.395,1.715,1.572833333,1.5675
2023/04/03,9.865,11.575,8.475,1.39,1.71,1.568,1.576166667
2023/04/04,9.88,11.6,8.5,1.38,1.72,1.561666667,1.585
2023/04/05,9.78,11.61,8.4,1.38,1.83,1.554166667,1.594833333
2023/04/06,9.83,11.68,8.43,1.4,1.85,1.546833333,1.605333333
2023/04/11,9.94,11.82,8.52,1.42,1.88,1.540333333,1.618333333
2023/04/12,9.905,11.805,8.51,1.395,1.9,1.537166667,1.636166667
2023/04/13,9.885,11.715,8.52,1.365,1.83,1.533166667,1.649166667
2023/04/14,9.945,11.78,8.58,1.365,1.835,1.527333333,1.663333333
2023/04/17,10.05,11.885,8.72,1.33,1.835,1.520333333,1.6785
2023/04/18,10.05,11.86,8.73,1.32,1.81,1.511833333,1.693666667
2023/04/19,10.115,11.89,8.815,1.3,1.775,1.502666667,1.708166667
2023/04/20,10.07,11.835,8.765,1.305,1.765,1.493666667,1.722166667
2023/04/21,10.12,11.865,8.8,1.32,1.745,1.484,1.7305
2023/04/24,10.18,11.92,8.85,1.33,1.74,1.4755,1.741
2023/04/25,10.225,11.945,8.855,1.37,1.72,1.468333333,1.750166667
2023/04/26,10.205,11.89,8.83,1.375,1.685,1.459666667,1.757
2023/04/28,10.18,11.855,8.815,1.365,1.675,1.4515,1.760166667
2023/05/02,10.195,11.89,8.86,1.335,1.695,1.442833333,1.763166667
2023/05/03,10.125,11.87,8.785,1.34,1.745,1.432666667,1.762333333
2023/05/04,10.09,11.91,8.735,1.355,1.82,1.4225,1.764833333
2023/05/05,10.13,11.945,8.74,1.39,1.815,1.414666667,1.770333333
2023/05/08,10.16,12,8.755,1.405,1.84,1.407666667,1.775666667
2023/05/09,10.33,12.195,8.915,1.415,1.865,1.401166667,1.783
2023/05/10,10.56,12.32,9.17,1.39,1.76,1.3945,1.786166667
2023/05/11,10.88,12.505,9.66,1.22,1.625,1.382,1.781333333
2023/05/12,10.94,12.505,9.655,1.285,1.565,1.371833333,1.773166667
2023/05/15,10.745,12.35,9.4,1.345,1.605,1.365333333,1.765666667
2023/05/16,10.755,12.325,9.41,1.345,1.57,1.359666667,1.7535
2023/05/17,11.055,12.555,9.785,1.27,1.5,1.353333333,1.7475
2023/05/18,11.165,12.635,9.965,1.2,1.47,1.346833333,1.739333333
2023/05/19,11.18,12.675,9.95,1.23,1.495,1.3415,1.732166667
2023/05/22,11.25,12.76,9.965,1.285,1.51,1.338333333,1.725166667
2023/05/23,11.235,12.785,9.915,1.32,1.55,1.336333333,1.715833333
2023/05/24,11.045,12.67,9.725,1.32,1.625,1.333666667,1.708333333
2023/05/25,11.165,12.785,9.765,1.4,1.62,1.333,1.699666667
2023/05/26,11.115,12.675,9.705,1.41,1.56,1.3335,1.688333333
2023/05/29,11.12,12.65,9.73,1.39,1.53,1.334333333,1.678333333
2023/05/30,11.315,12.785,9.925,1.39,1.47,1.335166667,1.666166667
2023/05/31,11.3,12.76,9.9,1.4,1.46,1.3375,1.653666667
2023/06/01,11.24,12.71,9.77,1.47,1.47,1.3425,1.642333333
2023/06/02,11.25,12.72,9.755,1.495,1.47,1.349,1.632166667
2023/06/05,11.12,12.595,9.63,1.49,1.475,1.355166667,1.6225
2023/06/06,10.965,12.475,9.49,1.475,1.51,1.360333333,1.614666667
2023/06/07,10.93,12.425,9.54,1.39,1.495,1.362333333,1.6065
2023/06/08,10.83,12.37,9.515,1.315,1.54,1.3605,1.6005
2023/06/09,10.82,12.385,9.5,1.32,1.565,1.358666667,1.5965
2023/06/12,10.765,12.31,9.445,1.32,1.545,1.357166667,1.592166667
2023/06/13,10.715,12.29,9.435,1.28,1.575,1.355333333,1.588166667
2023/06/14,10.705,12.25,9.425,1.28,1.545,1.353333333,1.5815
2023/06/15,10.74,12.285,9.46,1.28,1.545,1.350833333,1.572333333
2023/06/19,10.78,12.34,9.51,1.27,1.56,1.346833333,1.563833333
2023/06/20,10.825,12.425,9.52,1.305,1.6,1.3435,1.555833333
2023/06/21,10.72,12.41,9.36,1.36,1.69,1.341666667,1.55
2023/06/22,10.69,12.44,9.355,1.335,1.75,1.339833333,1.549666667
2023/06/23,10.675,12.425,9.34,1.335,1.75,1.343666667,1.553833333
2023/06/26,10.605,12.35,9.26,1.345,1.745,1.345666667,1.559833333
2023/06/27,10.52,12.3,9.155,1.365,1.78,1.346333333,1.565666667
2023/06/28,10.48,12.27,9.1,1.38,1.79,1.3475,1.573
2023/06/29,10.495,12.335,9.14,1.355,1.84,1.350333333,1.584333333
2023/06/30,10.51,12.315,9.19,1.32,1.805,1.354333333,1.5955
2023/07/03,10.51,12.28,9.18,1.33,1.77,1.357666667,1.604666667
2023/07/04,10.54,12.32,9.235,1.305,1.78,1.358333333,1.613666667
2023/07/05,10.515,12.345,9.175,1.34,1.83,1.359,1.623
2023/07/06,10.695,12.545,9.355,1.34,1.85,1.359666667,1.6305
2023/07/07,10.77,12.615,9.405,1.365,1.845,1.3585,1.638
2023/07/10,10.805,12.65,9.42,1.385,1.845,1.357666667,1.6475
2023/07/11,10.725,12.575,9.37,1.355,1.85,1.3565,1.658166667
2023/07/12,10.46,12.37,9.2,1.26,1.91,1.352166667,1.672833333
2023/07/13,10.385,12.25,9.145,1.24,1.865,1.346833333,1.686333333
2023/07/14,10.475,12.375,9.225,1.25,1.9,1.3395,1.700666667
2023/07/17,10.445,12.37,9.155,1.29,1.925,1.332666667,1.715833333
2023/07/18,10.325,12.26,8.995,1.33,1.935,1.327333333,1.731166667
2023/07/19,10.305,12.255,8.99,1.315,1.95,1.322,1.745833333
2023/07/20,10.355,12.285,9.015,1.34,1.93,1.320333333,1.760333333
2023/07/21,10.335,12.23,9.005,1.33,1.895,1.320833333,1.772166667
2023/07/24,10.26,12.15,8.925,1.335,1.89,1.321333333,1.783
2023/07/25,10.285,12.205,8.935,1.35,1.92,1.322333333,1.7955
2023/07/26,10.255,12.17,8.93,1.325,1.915,1.323833333,1.806833333
2023/07/27,10.215,12.165,8.91,1.305,1.95,1.324666667,1.820333333
2023/07/28,10.185,12.09,8.885,1.3,1.905,1.325333333,1.832333333
2023/07/31,10.215,12.12,8.92,1.295,1.905,1.326166667,1.843833333
2023/08/01,10.33,12.19,9.03,1.3,1.86,1.326,1.8525
2023/08/02,10.37,12.3,9.08,1.29,1.93,1.323666667,1.8605
2023/08/03,10.44,12.385,9.14,1.3,1.945,1.3225,1.867
2023/08/04,10.26,12.22,8.97,1.29,1.96,1.321,1.874
2023/08/07,10.245,12.315,8.945,1.3,2.07,1.3195,1.884833333
2023/08/08,10.215,12.28,8.87,1.345,2.065,1.318833333,1.894333333
2023/08/10,10.12,12.18,8.82,1.3,2.06,1.316166667,1.903333333
2023/08/11,10.165,12.265,8.88,1.285,2.1,1.313833333,1.912
2023/08/14,10.33,12.42,9,1.33,2.09,1.314166667,1.9215
2023/08/15,10.355,12.475,9.03,1.325,2.12,1.314,1.933166667
2023/08/16,10.345,12.37,9.03,1.315,2.025,1.314333333,1.941333333
2023/08/17,10.42,12.51,9.14,1.28,2.09,1.312333333,1.95
2023/08/18,10.47,12.54,9.19,1.28,2.07,1.310333333,1.957333333
2023/08/21,10.535,12.64,9.23,1.305,2.105,1.308333333,1.966
2023/08/22,10.475,12.575,9.19,1.285,2.1,1.305,1.9745
2023/08/23,10.29,12.4,9,1.29,2.11,1.302833333,1.983166667
2023/08/24,10.2,12.31,8.93,1.27,2.11,1.303166667,1.989833333
2023/08/25,10.21,12.325,8.93,1.28,2.115,1.3045,1.998166667
2023/08/28,10.16,12.245,8.88,1.28,2.085,1.3055,2.004333333
2023/08/29,10.165,12.265,8.845,1.32,2.1,1.3065,2.010166667
2023/08/30,10.205,12.335,8.84,1.365,2.13,1.307666667,2.016666667
2023/08/31,10.275,12.42,8.89,1.385,2.145,1.31,2.023166667
2023/09/01,10.3,12.425,8.94,1.36,2.125,1.310666667,2.029666667
2023/09/04,10.335,12.495,8.98,1.355,2.16,1.3115,2.0385
2023/09/05,10.41,12.59,9.08,1.33,2.18,1.311333333,2.048166667
2023/09/06,10.41,12.595,9.085,1.325,2.185,1.3105,2.057
2023/09/07,10.385,12.525,9.05,1.335,2.14,1.310833333,2.0645
2023/09/08,10.375,12.565,9.01,1.365,2.19,1.312833333,2.0725
2023/09/11,10.39,12.615,8.99,1.4,2.225,1.316166667,2.083166667
2023/09/12,10.4,12.61,9.01,1.39,2.21,1.319333333,2.093333333
2023/09/13,10.405,12.61,9.005,1.4,2.205,1.322666667,2.104833333
2023/09/14,10.44,12.625,9.04,1.4,2.185,1.326333333,2.113333333
2023/09/15,10.475,12.615,9.075,1.4,2.14,1.329666667,2.119833333
2023/09/18,10.51,12.655,9.115,1.395,2.145,1.333166667,2.126
2023/09/19,10.485,12.635,9.1,1.385,2.15,1.336,2.128666667
2023/09/20,10.455,12.635,9.085,1.37,2.18,1.336833333,2.1325
2023/09/21,10.565,12.735,9.18,1.385,2.17,1.339666667,2.136166667
2023/09/22,10.655,12.805,9.27,1.385,2.15,1.343,2.137833333
2023/09/26,10.775,12.97,9.4,1.375,2.195,1.3445,2.141333333
2023/09/27,10.83,12.97,9.425,1.405,2.14,1.347166667,2.142
2023/09/28,11.04,13.135,9.63,1.41,2.095,1.350333333,2.144333333
2023/09/29,10.81,12.88,9.41,1.4,2.07,1.354333333,2.143666667
2023/10/02,10.9,12.995,9.49,1.41,2.095,1.358666667,2.1445
2023/10/03,11.02,13.03,9.625,1.395,2.01,1.361666667,2.141333333
2023/10/04,11.085,13.1,9.7,1.385,2.015,1.365,2.1385
2023/10/05,11.005,13.02,9.595,1.41,2.015,1.369,2.135333333
2023/10/06,10.89,12.88,9.45,1.44,1.99,1.374666667,2.131333333
2023/10/09,10.93,12.92,9.475,1.455,1.99,1.3805,2.127166667
2023/10/10,10.79,12.81,9.33,1.46,2.02,1.3865,2.125
2023/10/11,10.725,12.77,9.275,1.45,2.045,1.390833333,2.123166667
2023/10/12,10.67,12.75,9.27,1.4,2.08,1.392,2.1215
2023/10/13,10.73,12.875,9.34,1.39,2.145,1.392166667,2.1215
2023/10/16,10.735,12.91,9.345,1.39,2.175,1.393166667,2.123166667
2023/10/17,10.76,12.92,9.385,1.375,2.16,1.393833333,2.123166667
2023/10/18,10.825,13.005,9.455,1.37,2.18,1.395166667,2.123166667
2023/10/19,10.885,12.995,9.515,1.37,2.11,1.396666667,2.120666667
2023/10/20,10.8,12.945,9.42,1.38,2.145,1.398166667,2.120833333
2023/10/23,10.825,12.965,9.425,1.4,2.14,1.399333333,2.119166667
2023/10/24,10.675,12.86,9.29,1.385,2.185,1.398833333,2.117833333
2023/10/25,10.63,12.795,9.3,1.33,2.165,1.396833333,2.116333333
2023/10/26,10.7,12.815,9.37,1.33,2.115,1.3945,2.113333333
2023/10/27,10.66,12.775,9.335,1.325,2.115,1.392,2.111
2023/10/30,10.705,12.835,9.355,1.35,2.13,1.390333333,2.110666667
2023/10/31,10.675,12.8,9.345,1.33,2.125,1.388166667,2.11
2023/11/01,10.565,12.675,9.225,1.34,2.11,1.386666667,2.108666667
2023/11/02,10.365,12.465,9.04,1.325,2.1,1.385166667,2.106
2023/11/03,10.295,12.38,8.99,1.305,2.085,1.3825,2.103166667
2023/11/06,10.395,12.47,9.07,1.325,2.075,1.3805,2.100666667
2023/11/07,10.4,12.465,9.07,1.33,2.065,1.379,2.096333333
2023/11/08,10.315,12.385,9.005,1.31,2.07,1.375833333,2.094
2023/11/09,10.34,12.41,9.015,1.325,2.07,1.373,2.093166667
2023/11/10,10.41,12.485,9.09,1.32,2.075,1.370333333,2.093333333
2023/11/13,10.415,12.53,9.07,1.345,2.115,1.368166667,2.094
2023/11/14,10.235,12.31,8.91,1.325,2.075,1.365833333,2.096166667
2023/11/15,10.205,12.34,8.905,1.3,2.135,1.363,2.100166667
2023/11/16,10.05,12.165,8.8,1.25,2.115,1.357666667,2.1035
2023/11/17,10.075,12.205,8.86,1.215,2.13,1.350166667,2.108166667
2023/11/20,10.055,12.185,8.835,1.22,2.13,1.342333333,2.112833333
2023/11/21,9.905,12.045,8.72,1.185,2.14,1.333166667,2.116833333
2023/11/22,10.14,12.25,8.97,1.17,2.11,1.323833333,2.119
2023/11/23,10.125,12.235,8.94,1.185,2.11,1.316666667,2.12
2023/11/24,10.195,12.33,8.97,1.225,2.135,1.311166667,2.119666667
2023/11/27,10.145,12.32,8.895,1.25,2.175,1.3065,2.119666667
2023/11/28,10.025,12.175,8.815,1.21,2.15,1.301,2.119333333
2023/11/29,9.915,12.09,8.73,1.185,2.175,1.294833333,2.119166667
2023/11/30,9.98,12.165,8.79,1.19,2.185,1.288833333,2.121666667
2023/12/01,9.98,12.185,8.78,1.2,2.205,1.282833333,2.123666667
2023/12/04,9.96,12.175,8.76,1.2,2.215,1.276166667,2.126166667
2023/12/05,10.01,12.245,8.82,1.19,2.235,1.269666667,2.127833333
2023/12/06,9.98,12.255,8.795,1.185,2.275,1.264833333,2.1315
2023/12/07,9.985,12.28,8.81,1.175,2.295,1.259666667,2.1375
2023/12/08,10.055,12.34,8.88,1.175,2.285,1.254666667,2.143166667
2023/12/11,10.135,12.44,8.94,1.195,2.305,1.2495,2.149
2023/12/12,10.08,12.415,8.905,1.175,2.335,1.244333333,2.156
2023/12/13,10.06,12.425,8.895,1.165,2.365,1.2385,2.1645
2023/12/14,9.77,12.245,8.63,1.14,2.475,1.232333333,2.177
2023/12/18,9.65,12.01,8.545,1.105,2.36,1.225666667,2.186166667
2023/12/19,9.73,12.095,8.635,1.095,2.365,1.218,2.195833333
2023/12/20,9.69,12.06,8.595,1.095,2.37,1.210166667,2.206
2023/12/21,9.775,12.155,8.685,1.09,2.38,1.202833333,2.216333333
2023/12/22,9.745,12.115,8.655,1.09,2.37,1.195,2.226333333
2023/12/27,9.735,12.105,8.65,1.085,2.37,1.187166667,2.236166667
2023/12/28,9.725,12.105,8.645,1.08,2.38,1.178333333,2.245
2023/12/29,9.77,12.155,8.695,1.075,2.385,1.17,2.255333333
2024/01/02,9.855,12.25,8.76,1.095,2.395,1.163166667,2.264
2024/01/03,9.915,12.355,8.8,1.115,2.44,1.158666667,2.274833333
2024/01/04,9.9,12.375,8.77,1.13,2.475,1.155833333,2.286333333
2024/01/05,9.865,12.32,8.715,1.15,2.455,1.1535,2.297166667
2024/01/08,9.835,12.29,8.685,1.15,2.455,1.152333333,2.307666667
2024/01/09,9.72,12.14,8.64,1.08,2.42,1.149333333,2.318
2024/01/10,9.74,12.16,8.685,1.055,2.42,1.145,2.328333333
2024/01/11,9.735,12.13,8.725,1.01,2.395,1.137833333,2.337
2024/01/12,9.675,12.11,8.685,0.99,2.435,1.129166667,2.345666667
2024/01/15,9.725,12.155,8.72,1.005,2.43,1.122333333,2.355
2024/01/16,9.81,12.29,8.775,1.035,2.48,1.117333333,2.365166667
2024/01/17,9.825,12.305,8.815,1.01,2.48,1.111333333,2.375
2024/01/18,9.795,12.27,8.78,1.015,2.475,1.105166667,2.384
2024/01/19,9.765,12.23,8.745,1.02,2.465,1.099166667,2.392333333
2024/01/22,9.715,12.175,8.725,0.99,2.46,1.0925,2.399833333
2024/01/23,9.762,12.19,8.752,1.01,2.428,1.086666667,2.404933333
2024/01/24,9.75,12.175,8.725,1.025,2.425,1.081666667,2.409266667
2024/01/25,9.748,12.18,8.713,1.035,2.432,1.077,2.414166667
2024/01/26,9.76,12.195,8.7,1.06,2.435,1.0725,2.4185
2024/01/29,9.765,12.195,8.705,1.06,2.43,1.068666667,2.421666667
2024/01/30,9.78,12.19,8.715,1.065,2.41,1.065333333,2.423166667
2024/01/31,9.75,12.195,8.655,1.095,2.445,1.063833333,2.422166667
2024/02/01,9.705,12.145,8.615,1.09,2.44,1.063333333,2.424833333
2024/02/02,9.78,12.225,8.705,1.075,2.445,1.062666667,2.4275
2024/02/05,9.87,12.315,8.785,1.085,2.445,1.062333333,2.43
2024/02/06,9.805,12.26,8.735,1.07,2.455,1.061666667,2.4325
2024/02/07,9.885,12.295,8.75,1.135,2.41,1.063166667,2.433833333
2024/02/08,9.915,12.345,8.78,1.135,2.43,1.064833333,2.435833333
2024/02/09,9.955,12.365,8.805,1.15,2.41,1.067166667,2.436833333
2024/02/12,10.045,12.46,8.865,1.18,2.415,1.070666667,2.437833333
2024/02/13,10.11,12.5,8.935,1.175,2.39,1.073333333,2.437666667
2024/02/14,10.165,12.475,8.885,1.28,2.31,1.078833333,2.433333333
2024/02/15,10.045,12.39,8.845,1.2,2.345,1.081166667,2.429
2024/02/16,10.095,12.39,8.89,1.205,2.295,1.083,2.423666667
2024/02/19,10.135,12.415,8.905,1.23,2.28,1.085666667,2.417833333
2024/02/20,10.105,12.335,8.855,1.25,2.23,1.091333333,2.4115
2024/02/21,10.025,12.217,8.82,1.205,2.192,1.096333333,2.4039
2024/02/22,10.005,12.31,8.805,1.2,2.305,1.102666667,2.4009
2024/02/23,10.135,12.46,8.905,1.23,2.325,1.110666667,2.397233333
2024/02/26,10.24,12.57,9.02,1.22,2.33,1.117833333,2.3939
2024/02/27,10.2,12.485,9.005,1.195,2.285,1.123166667,2.3874
2024/02/28,10.19,12.425,9.015,1.175,2.235,1.128666667,2.379233333
2024/02/29,10.13,12.395,8.96,1.17,2.265,1.133833333,2.372233333
2024/03/01,10.11,12.355,8.935,1.175,2.245,1.139,2.3649
2024/03/04,10.13,12.42,8.975,1.155,2.29,1.1445,2.359233333
2024/03/05,10.1,12.42,8.92,1.18,2.32,1.150166667,2.355633333
2024/03/06,10.095,12.42,8.93,1.165,2.325,1.154833333,2.3523
2024/03/07,10.065,12.4,8.925,1.14,2.335,1.158333333,2.349066667
2024/03/08,10.11,12.49,8.955,1.155,2.38,1.1615,2.347233333
2024/03/11,10.105,12.505,8.945,1.16,2.4,1.164833333,2.346233333
2024/03/12,10.165,12.57,8.975,1.19,2.405,1.169,2.346066667
2024/03/13,10.21,12.63,9.005,1.205,2.42,1.172666667,2.345233333
2024/03/14,10.24,12.675,9.03,1.21,2.435,1.176666667,2.345066667
2024/03/15,10.365,12.765,9.125,1.24,2.4,1.182166667,2.343566667
2024/03/18,10.495,13.264,9.401,1.094,2.769,1.182466667,2.354366667
2024/03/19,10.48,13.173,9.381,1.099,2.693,1.183433333,2.3623
2024/03/20,10.425,13.104,9.339,1.086,2.679,1.1818,2.371266667
2024/03/22,10.425,13.152,9.349,1.076,2.727,1.179833333,2.381166667
2024/03/25,10.465,13.221,9.401,1.064,2.756,1.176966667,2.3927
2024/03/26,10.605,13.375,9.506,1.099,2.77,1.174266667,2.404533333
2024/03/27,10.555,13.316,9.454,1.101,2.761,1.1718,2.4169
2024/03/28,10.615,13.316,9.485,1.13,2.701,1.1668,2.429933333
2024/04/02,10.63,13.268,9.5,1.13,2.638,1.164466667,2.4397
2024/04/03,10.535,13.151,9.433,1.102,2.616,1.161033333,2.4504
2024/04/04,10.435,13.045,9.339,1.096,2.61,1.156566667,2.4614
2024/04/05,10.525,13.13,9.422,1.103,2.605,1.151666667,2.4739
2024/04/08,10.585,13.178,9.464,1.121,2.593,1.148866667,2.487266667
2024/04/09,10.49,13.093,9.381,1.109,2.603,1.145833333,2.4972
2024/04/10,10.56,13.199,9.464,1.096,2.639,1.141366667,2.507666667
2024/04/11,10.69,13.279,9.606,1.084,2.589,1.136833333,2.5163
2024/04/12,10.745,13.423,9.642,1.103,2.678,1.133766667,2.5294
2024/04/15,10.785,13.497,9.683,1.102,2.712,1.131333333,2.5453
2024/04/16,10.86,13.556,9.705,1.155,2.696,1.130833333,2.559666667
2024/04/17,10.705,13.396,9.579,1.126,2.691,1.1292,2.574533333
2024/04/18,10.68,13.311,9.574,1.106,2.631,1.127566667,2.5859
2024/04/19,10.775,13.38,9.621,1.154,2.605,1.1267,2.5954
2024/04/22,11.026,13.385,9.642,1.384,2.359,1.134,2.596533333
2024/04/23,10.964,13.321,9.59,1.374,2.357,1.1418,2.597266667
2024/04/24,11.048,13.342,9.657,1.391,2.294,1.149666667,2.5944
2024/04/25,11.185,13.427,9.799,1.386,2.242,1.1572,2.589133333
2024/04/26,11.058,13.236,9.705,1.353,2.178,1.162633333,2.581566667
2024/04/29,10.926,13.119,9.616,1.31,2.193,1.166133333,2.574
2024/04/30,10.942,13.156,9.445,1.497,2.214,1.1757,2.566633333
2024/05/02,10.9,13.097,9.335,1.565,2.197,1.186533333,2.559866667
2024/05/03,10.868,13.097,9.295,1.573,2.229,1.2025,2.541866667
2024/05/06,10.852,13.129,9.285,1.567,2.277,1.2181,2.528
2024/05/07,10.731,13.044,9.381,1.35,2.313,1.2269,2.5158
2024/05/08,10.773,13.108,9.401,1.372,2.335,1.236766667,2.502733333
2024/05/09,10.789,13.113,9.417,1.372,2.324,1.247033333,2.488333333
2024/05/10,10.773,13.108,9.412,1.361,2.335,1.255766667,2.473833333
2024/05/13,10.721,13.055,9.381,1.34,2.334,1.263733333,2.4596
2024/05/14,10.773,13.134,9.407,1.366,2.361,1.2716,2.448266667
2024/05/15,10.642,13.007,9.297,1.345,2.365,1.278766667,2.439166667
2024/05/16,10.615,12.964,9.224,1.391,2.349,1.2884,2.430266667
2024/05/17,10.62,12.948,9.26,1.36,2.328,1.2972,2.420866667
2024/05/20,10.547,12.89,9.234,1.313,2.343,1.3042,2.412133333
2024/05/21,10.515,12.853,9.203,1.312,2.338,1.310566667,2.403633333
2024/05/22,10.536,12.879,9.218,1.318,2.343,1.317533333,2.394966667
2024/05/23,10.683,12.99,9.339,1.344,2.307,1.3258,2.3839
2024/05/24,10.794,13.102,9.448,1.346,2.308,1.334533333,2.374533333
2024/05/27,10.82,13.128,9.443,1.377,2.308,1.343666667,2.3622
2024/05/28,10.783,13.059,9.412,1.371,2.276,1.352633333,2.347666667
2024/05/30,10.84,13.054,9.443,1.397,2.214,1.3607,2.3316
2024/05/31,10.957,13.214,9.526,1.431,2.257,1.370866667,2.317133333
2024/06/03,10.835,13.081,9.433,1.402,2.246,1.380733333,2.3043
2024/06/04,10.835,13.144,9.391,1.444,2.309,1.3904,2.294433333
2024/06/05,10.983,13.389,9.474,1.509,2.406,1.394566667,2.296
2024/06/06,10.909,13.33,9.438,1.471,2.421,1.3978,2.298133333
2024/06/07,10.798,13.123,9.349,1.449,2.325,1.399733333,2.299166667
2024/06/10,10.625,12.99,9.213,1.412,2.365,1.4006,2.303266667
2024/06/11,10.525,12.873,9.166,1.359,2.348,1.4008,2.308933333
2024/06/12,10.425,12.767,9.13,1.295,2.342,1.4003,2.3139
2024/06/13,10.34,12.677,9.098,1.242,2.337,1.3918,2.318
2024/06/14,10.362,12.735,9.109,1.253,2.373,1.3814,2.323866667
2024/06/18,10.079,12.369,8.853,1.226,2.29,1.369833333,2.3259
2024/06/19,9.963,12.226,8.743,1.22,2.263,1.358266667,2.325433333
2024/06/20,10.005,12.295,8.779,1.226,2.29,1.354133333,2.324666667
2024/06/21,9.9,12.157,8.753,1.147,2.257,1.346633333,2.322066667
2024/06/24,10.078,12.295,8.926,1.152,2.217,1.3393,2.3185
2024/06/25,10.078,12.231,8.9,1.178,2.153,1.3332,2.312433333
2024/06/26,10.047,12.162,8.858,1.189,2.115,1.328166667,2.305133333
2024/06/27,10.361,12.57,9.087,1.274,2.209,1.3251,2.300066667
2024/06/28,10.214,12.395,8.942,1.272,2.181,1.322666667,2.293933333
2024/07/01,10.183,12.3,8.936,1.247,2.117,1.317866667,2.2862
2024/07/02,10.178,12.321,8.931,1.247,2.143,1.3141,2.280033333
2024/07/03,10.035,12.172,8.801,1.234,2.137,1.311466667,2.273166667
2024/07/04,10.004,12.114,8.79,1.214,2.11,1.3082,2.265566667
2024/07/05,9.978,12.046,8.796,1.182,2.068,1.303666667,2.2564
2024/07/08,9.968,12.024,8.79,1.178,2.056,1.298133333,2.248033333
2024/07/09,10.025,12.056,8.832,1.193,2.031,1.293033333,2.2388
2024/07/10,9.941,12.014,8.733,1.208,2.073,1.2874,2.230966667
2024/07/11,9.57,11.605,8.45,1.12,2.035,1.279033333,2.222933333
2024/07/12,9.475,11.515,8.39,1.085,2.04,1.268633333,2.217133333
2024/07/15,9.575,11.63,8.475,1.1,2.055,1.2576,2.2104
2024/07/16,9.555,11.495,8.45,1.105,1.94,1.2477,2.2002
2024/07/17,9.6,11.525,8.5,1.1,1.925,1.236233333,2.1874
2024/07/18,9.595,11.535,8.505,1.09,1.94,1.222266667,2.171866667
2024/07/19,9.65,11.61,8.535,1.115,1.96,1.2104,2.1565
2024/07/22,9.565,11.535,8.465,1.1,1.97,1.198766667,2.144666667
2024/07/23,9.46,11.48,8.365,1.095,2.02,1.1882,2.133166667
2024/07/24,9.502,11.53,8.385,1.117,2.028,1.180133333,2.1225
2024/07/25,9.475,11.515,8.37,1.105,2.04,1.1738,2.112433333
2024/07/26,9.477,11.525,8.355,1.122,2.048,1.1698,2.1028
2024/07/29,9.505,11.57,8.385,1.12,2.065,1.165366667,2.092533333
2024/07/30,9.505,11.64,8.41,1.095,2.135,1.161,2.087366667
2024/07/31,9.405,11.525,8.335,1.07,2.12,1.156,2.0826
2024/08/01,9.345,11.445,8.325,1.02,2.1,1.149133333,2.076266667
2024/08/02,9.25,11.43,8.255,0.995,2.18,1.144066667,2.0737
2024/08/05,9.36,11.61,8.3,1.06,2.25,1.141,2.0748
2024/08/06,9.375,11.6,8.325,1.05,2.225,1.136733333,2.0772
2024/08/07,9.38,11.565,8.33,1.05,2.185,1.1321,2.079533333
2024/08/08,9.39,11.53,8.34,1.05,2.14,1.124633333,2.077233333
2024/08/12,9.36,11.48,8.32,1.04,2.12,1.1169,2.0752
2024/08/13,9.265,11.365,8.24,1.025,2.1,1.1095,2.074633333
2024/08/14,9.135,11.19,8.165,0.97,2.055,1.100266667,2.0717
2024/08/15,9.23,11.28,8.235,0.995,2.05,1.0923,2.0688
2024/08/16,9.32,11.37,8.315,1.005,2.05,1.085333333,2.0668
2024/08/19,9.275,11.33,8.285,0.99,2.055,1.078933333,2.066366667
2024/08/20,9.285,11.375,8.295,0.99,2.09,1.072666667,2.0675
2024/08/21,9.12,11.235,8.15,0.97,2.115,1.065233333,2.0703
2024/08/22,9.21,11.315,8.205,1.005,2.105,1.058466667,2.071366667
2024/08/23,9.07,11.19,8.075,0.995,2.12,1.0543,2.0742
2024/08/26,9.085,11.185,8.1,0.985,2.1,1.050966667,2.0762
2024/08/27,9.115,11.18,8.14,0.975,2.065,1.0468,2.076533333
2024/08/28,9.14,11.18,8.14,1,2.04,1.0433,2.079866667
2024/08/29,9.135,11.135,8.155,0.98,2,1.0393,2.082366667
2024/08/30,9.2,11.225,8.19,1.01,2.025,1.036633333,2.0852
2024/09/02,9.225,11.26,8.2,1.025,2.035,1.033633333,2.0877
2024/09/03,9.215,11.3,8.18,1.035,2.085,1.031466667,2.091533333
2024/09/04,9.035,11.135,8.06,0.975,2.1,1.027466667,2.0942
2024/09/05,9.005,11.05,8.005,1,2.045,1.023566667,2.094766667
2024/09/06,8.99,11.005,7.96,1.03,2.015,1.021066667,2.093933333
2024/09/09,9.02,11.025,8.04,0.98,2.005,1.016333333,2.0925
2024/09/10,9.015,11.035,8.06,0.955,2.02,1.010833333,2.091
2024/09/11,8.998,11.015,8.037,0.961,2.017,1.006366667,2.087066667
2024/09/12,9,11.04,8.06,0.94,2.04,1.002033333,2.0844
2024/09/13,8.915,10.955,7.99,0.925,2.04,0.998866667,2.0824
2024/09/16,8.825,10.845,7.945,0.88,2.02,0.995033333,2.077066667
2024/09/17,8.855,10.83,7.97,0.885,1.975,0.9892,2.0679
2024/09/18,8.845,10.77,7.955,0.89,1.925,0.983866667,2.0579
2024/09/19,8.85,10.705,7.96,0.89,1.855,0.978533333,2.0469
2024/09/20,8.88,10.745,8,0.88,1.865,0.972866667,2.037733333
2024/09/23,8.845,10.71,8.01,0.835,1.865,0.966033333,2.029233333
2024/09/25,8.845,10.7,7.985,0.86,1.855,0.960533333,2.021066667
2024/09/26,8.83,10.68,7.96,0.87,1.85,0.9572,2.014233333
2024/09/27,8.8,10.635,7.92,0.88,1.835,0.953366667,2.007066667
2024/09/30,8.845,10.685,7.96,0.885,1.84,0.949366667,2.000066667
2024/10/01,8.965,10.84,8.05,0.915,1.875,0.946866667,1.994066667
2024/10/02,9.06,10.96,8.105,0.955,1.9,0.9457,1.987733333
2024/10/03,9.155,11.025,8.18,0.975,1.87,0.945866667,1.979566667
2024/10/04,9.205,11.065,8.235,0.97,1.86,0.9447,1.9714
2024/10/07,9.21,11.055,8.22,0.99,1.845,0.944533333,1.962233333
2024/10/08,9.235,11.1,8.245,0.99,1.865,0.9447,1.9544
2024/10/09,9.17,11.06,8.195,0.975,1.89,0.9447,1.948566667
2024/10/10,9.14,11.053,8.17,0.97,1.913,0.9437,1.944333333
2024/10/11,9.155,11.025,8.175,0.98,1.87,0.9437,1.94
2024/10/14,9.205,11.09,8.225,0.98,1.885,0.9427,1.935333333
2024/10/15,9.215,11.115,8.23,0.985,1.9,0.941366667,1.930833333
2024/10/16,9.23,11.18,8.255,0.975,1.95,0.939366667,1.926333333
2024/10/17,9.305,11.29,8.295,1.01,1.985,0.940533333,1.9225
2024/10/18,9.28,11.255,8.28,1,1.975,0.940533333,1.920166667
2024/10/21,9.345,11.3,8.355,0.99,1.955,0.9392,1.918166667
2024/10/22,9.325,11.28,8.35,0.975,1.955,0.939033333,1.9165
2024/10/23,9.505,11.44,8.505,1,1.935,0.940533333,1.913666667
2024/10/24,9.365,11.265,8.395,0.97,1.9,0.940833333,1.909766667
2024/10/25,9.285,11.155,8.375,0.91,1.87,0.939833333,1.9041
2024/10/28,9.29,11.105,8.4,0.89,1.815,0.938666667,1.8966
2024/10/29,9.257,11.055,8.4,0.857,1.798,0.9379,1.8892
2024/10/30,9.27,11.11,8.385,0.885,1.84,0.9379,1.8847
2024/10/31,9.295,11.225,8.37,0.925,1.93,0.939066667,1.884866667
2024/11/01,9.307,11.27,8.355,0.952,1.963,0.941133333,1.888466667
2024/11/04,9.29,11.25,8.37,0.92,1.96,0.942466667,1.891633333
2024/11/05,9.3,11.24,8.4,0.9,1.94,0.944633333,1.894133333
2024/11/06,9.385,11.345,8.455,0.93,1.96,0.946966667,1.897633333
2024/11/07,9.182,11.075,8.28,0.902,1.893,0.948033333,1.899066667
2024/11/08,9.155,11.07,8.29,0.865,1.915,0.947533333,1.901733333
2024/11/11,9.21,11.135,8.33,0.88,1.925,0.947366667,1.904566667
2024/11/12,9.205,11.16,8.325,0.88,1.955,0.9462,1.907233333
2024/11/13,9.15,11.14,8.305,0.845,1.99,0.942533333,1.910233333
2024/11/14,9.12,11.11,8.265,0.855,1.99,0.938533333,1.914233333
2024/11/15,9.137,11.115,8.305,0.832,1.978,0.933933333,1.918166667
2024/11/18,9.097,11.078,8.252,0.845,1.981,0.9291,1.9227
2024/11/19,9.085,11.09,8.245,0.84,2.005,0.9241,1.927366667
2024/11/20,9.03,11.02,8.17,0.86,1.99,0.920266667,1.9307
2024/11/21,8.955,10.915,8.13,0.825,1.96,0.915433333,1.932266667
2024/11/22,8.98,10.855,8.18,0.8,1.875,0.909433333,1.932433333
2024/11/25,8.932,10.81,8.14,0.792,1.878,0.903166667,1.9322
2024/11/26,9.035,10.885,8.21,0.825,1.85,0.897833333,1.930533333
2024/11/27,9.01,10.91,8.2,0.81,1.9,0.892333333,1.928866667
2024/11/28,8.955,10.85,8.165,0.79,1.895,0.885,1.925866667
2024/11/29,8.903,10.81,8.13,0.773,1.907,0.877433333,1.9236
2024/12/02,8.927,10.86,8.17,0.757,1.933,0.869666667,1.922866667
2024/12/03,8.885,10.855,8.15,0.735,1.97,0.861666667,1.923366667
2024/12/04,8.91,10.9,8.14,0.77,1.99,0.854,1.9252
2024/12/05,8.935,10.92,8.17,0.765,1.985,0.847166667,1.928033333
2024/12/06,8.92,10.915,8.17,0.75,1.995,0.841833333,1.9322
2024/12/09,8.885,10.855,8.15,0.735,1.97,0.836666667,1.937366667
2024/12/10,8.955,10.915,8.185,0.77,1.96,0.833766667,1.942766667
2024/12/11,8.915,10.925,8.12,0.795,2.01,0.830766667,1.948433333
2024/12/12,8.85,10.91,8.09,0.76,2.06,0.825266667,1.952766667
2024/12/13,8.905,10.89,8.145,0.76,1.985,0.818866667,1.9535
2024/12/17,8.98,10.97,8.21,0.77,1.99,0.813866667,1.9545
2024/12/18,9.012,11.045,8.24,0.772,2.033,0.8096,1.9576
2024/12/19,9.1,11.12,8.28,0.82,2.02,0.805933333,1.9596
2024/12/20,9.123,11.13,8.32,0.803,2.007,0.802633333,1.9634
2024/12/23,9.085,11.095,8.285,0.8,2.01,0.800466667,1.966566667
2024/12/24,9.028,11.025,8.255,0.773,1.997,0.7969,1.968966667
2024/12/27,9.04,11.035,8.275,0.765,1.995,0.793066667,1.9703
2024/12/30,9.04,11.035,8.275,0.765,1.995,0.7904,1.970466667
2024/12/31,9.035,11.025,8.27,0.765,1.99,0.7874,1.970466667
2025/01/02,9.005,10.96,8.24,0.765,1.955,0.785166667,1.9697
2025/01/03,9.015,10.965,8.245,0.77,1.95,0.782666667,1.968666667
2025/01/06,9.01,10.975,8.24,0.77,1.965,0.780333333,1.967333333
2025/01/07,9.035,11.025,8.27,0.765,1.99,0.777166667,1.967333333
2025/01/08,9.085,11.1,8.28,0.805,2.015,0.7765,1.969166667
2025/01/09,9.13,11.2,8.29,0.84,2.07,0.777833333,1.975666667
2025/01/10,9.25,11.33,8.35,0.9,2.08,0.781433333,1.9824
2025/01/13,9.305,11.39,8.405,0.9,2.085,0.783933333,1.990233333
2025/01/14,9.29,11.365,8.375,0.915,2.075,0.787433333,1.996066667
2025/01/15,9.13,11.215,8.305,0.825,2.085,0.7886,2.0024
2025/01/16,9.193,11.26,8.36,0.833,2.067,0.7906,2.007733333
2025/01/17,9.195,11.23,8.34,0.855,2.035,0.793866667,2.011133333
2025/01/20,9.158,11.175,8.27,0.888,2.017,0.798966667,2.0127
2025/01/21,9.08,11.075,8.315,0.765,1.995,0.7988,2.012866667
2025/01/22,8.993,11.01,8.27,0.723,2.017,0.7974,2.013933333
2025/01/23,9.04,11.13,8.285,0.755,2.09,0.797566667,2.0171
2025/01/24,8.99,11.065,8.235,0.755,2.075,0.798233333,2.0206
2025/01/27,9.123,11.22,8.265,0.858,2.097,0.801166667,2.025166667
2025/01/28,9.02,11.115,8.25,0.77,2.095,0.800333333,2.028
2025/01/29,8.955,11.005,8.21,0.745,2.05,0.799833333,2.027666667
2025/01/30,10.31,11.18,8.99,1.32,0.87,0.8185,1.9905
2025/01/31,10.375,11.27,9.04,1.335,0.895,0.837333333,1.954
2025/02/03,10.49,11.39,9.125,1.365,0.9,0.8571,1.916233333
2025/02/04,10.435,11.35,9.07,1.365,0.915,0.875266667,1.8794
2025/02/05,10.4,11.29,9.03,1.37,0.89,0.894166667,1.842166667
2025/02/06,10.415,11.345,9.035,1.38,0.93,0.9135,1.806166667
2025/02/07,10.41,11.345,9.045,1.365,0.935,0.933233333,1.770766667
2025/02/10,10.47,11.41,9.085,1.385,0.94,0.9539,1.7356
2025/02/11,10.53,11.45,9.135,1.395,0.92,0.9749,1.699766667
2025/02/12,10.55,11.445,9.19,1.36,0.895,0.994733333,1.663266667
2025/02/13,10.535,11.435,9.15,1.385,0.9,1.0154,1.6281
2025/02/14,10.475,11.345,9.08,1.395,0.87,1.036233333,1.5921
2025/02/17,10.53,11.4,9.125,1.405,0.87,1.0574,1.5556
2025/02/18,10.505,11.365,9.113,1.392,0.86,1.0783,1.517933333
2025/02/19,10.58,11.44,9.167,1.413,0.86,1.098566667,1.479433333
2025/02/20,10.605,11.47,9.175,1.43,0.865,1.118233333,1.439266667
2025/02/21,10.59,11.405,9.158,1.432,0.815,1.135966667,1.3971
2025/02/24,10.53,11.335,9.102,1.428,0.805,1.153566667,1.354433333
2025/02/25,10.505,11.32,9.05,1.455,0.815,1.171566667,1.312433333
2025/02/26,10.435,11.25,9.01,1.425,0.815,1.191566667,1.2701
2025/02/27,10.49,11.33,9.065,1.425,0.84,1.2113,1.2292
2025/02/28,10.53,11.39,9.13,1.4,0.86,1.229466667,1.190033333
2025/03/03,10.485,11.355,9.08,1.405,0.87,1.2467,1.1518
2025/03/04,10.435,11.29,9.02,1.415,0.855,1.268366667,1.1138
2025/03/05,10.43,11.28,9.015,1.415,0.85,1.291433333,1.0749
2025/03/06,10.485,11.37,9.06,1.425,0.885,1.313766667,1.034733333
2025/03/07,10.53,11.45,9.055,1.475,0.92,1.337766667,0.996233333
2025/03/10,10.495,11.41,9.035,1.46,0.915,1.357833333,0.956833333
2025/03/11,10.47,11.355,9.03,1.44,0.885,1.380166667,0.9165
2025/03/12,10.49,11.395,9.07,1.42,0.905,1.402666667,0.878333333
2025/03/13,10.54,11.45,9.097,1.443,0.91,1.406766667,0.879666667
2025/03/14,10.605,11.525,9.15,1.455,0.92,1.410766667,0.8805
2025/03/17,10.62,11.55,9.148,1.472,0.93,1.414333333,0.8815
2025/03/18,10.605,11.53,9.11,1.495,0.925,1.418666667,0.881833333
2025/03/19,10.58,11.555,9.07,1.51,0.975,1.423333333,0.884666667
2025/03/20,10.565,11.535,9.047,1.518,0.97,1.427933333,0.886
2025/03/24,10.645,11.68,9.12,1.525,1.035,1.433266667,0.889333333
2025/03/25,10.69,11.735,9.13,1.56,1.045,1.4391,0.892833333
2025/03/26,10.635,11.65,9.095,1.54,1.015,1.443933333,0.896
2025/03/27,10.67,11.695,9.135,1.535,1.025,1.449766667,0.900333333
2025/03/28,10.695,11.655,9.14,1.555,0.96,1.455433333,0.902333333
2025/03/31,10.605,11.605,9.08,1.525,1,1.459766667,0.906666667
2025/04/01,10.595,11.59,9.09,1.505,0.995,1.4631,0.910833333
2025/04/02,10.84,11.845,9.3,1.54,1.005,1.468033333,0.915666667
2025/04/03,10.8,11.86,9.21,1.59,1.06,1.473933333,0.922333333
2025/04/04,11.11,12.205,9.395,1.715,1.095,1.483433333,0.93
2025/04/07,11.08,12.26,9.35,1.73,1.18,1.493366667,0.942166667
2025/04/08,10.945,12.06,9.188,1.757,1.115,1.504333333,0.9525
2025/04/09,11.06,12.15,9.28,1.78,1.09,1.515166667,0.961666667
2025/04/10,10.89,11.98,9.215,1.675,1.09,1.5235,0.970833333
2025/04/11,11.04,12.1,9.29,1.75,1.06,1.534333333,0.978166667
2025/04/14,10.935,11.985,9.2,1.735,1.05,1.5455,0.9845
2025/04/15,10.93,11.985,9.215,1.715,1.055,1.555833333,0.990666667
2025/04/16,10.875,11.925,9.165,1.71,1.05,1.565666667,0.997166667
2025/04/17,10.905,11.965,9.15,1.755,1.06,1.577,1.004166667
2025/04/22,10.93,11.985,9.15,1.78,1.055,1.588833333,1.009833333
2025/04/23,10.795,11.87,9.02,1.775,1.075,1.598833333,1.015
2025/04/24,10.665,11.74,8.855,1.81,1.075,1.6105,1.020333333
2025/04/25,10.67,11.775,8.85,1.82,1.105,1.623166667,1.027666667
2025/04/29,10.6,11.74,8.795,1.805,1.14,1.636,1.0355
2025/04/30,10.585,11.74,8.8,1.785,1.155,1.6474,1.043666667
2025/05/02,10.595,11.825,8.818,1.777,1.23,1.658133333,1.054
2025/05/05,10.605,11.865,8.85,1.755,1.26,1.667566667,1.065
2025/05/06,10.66,11.985,8.908,1.752,1.325,1.676133333,1.078333333
2025/05/07,10.62,11.905,8.87,1.75,1.285,1.684133333,1.088666667
2025/05/08,10.535,11.84,8.825,1.71,1.305,1.690533333,1.099833333
2025/05/09,10.51,11.77,8.81,1.7,1.26,1.696366667,1.107333333
2025/05/12,10.505,11.745,8.882,1.623,1.24,1.698466667,1.113833333
2025/05/13,10.53,11.78,8.91,1.62,1.25,1.701133333,1.121666667
2025/05/14,10.54,11.835,8.935,1.605,1.295,1.703466667,1.130666667
2025/05/15,10.44,11.67,8.858,1.582,1.23,1.704366667,1.139666667
2025/05/16,10.415,11.68,8.865,1.55,1.265,1.7052,1.1485
2025/05/19,10.465,11.72,8.868,1.597,1.255,1.708266667,1.157166667
2025/05/20,10.435,11.695,8.847,1.588,1.26,1.709866667,1.165666667
2025/05/21,10.435,11.69,8.86,1.575,1.255,1.709366667,1.172166667
2025/05/22,10.49,11.76,8.882,1.608,1.27,1.7058,1.178
2025/05/23,10.46,11.76,8.865,1.595,1.3,1.7013,1.182
2025/05/26,10.465,11.77,8.875,1.59,1.305,1.695733333,1.188333333
2025/05/27,10.39,11.69,8.825,1.565,1.3,1.688566667,1.195333333
2025/05/28,10.32,11.66,8.767,1.553,1.34,1.6845,1.203666667
2025/05/29,10.155,11.47,8.645,1.51,1.315,1.6765,1.212166667
2025/05/30,10.14,11.455,8.67,1.47,1.315,1.667666667,1.221
2025/06/02,10.19,11.5,8.705,1.485,1.31,1.66,1.2295
2025/06/03,10.11,11.415,8.645,1.465,1.305,1.651833333,1.238
2025/06/04,9.985,11.25,8.57,1.415,1.265,1.6405,1.244833333
2025/06/05,10.035,11.225,8.6,1.435,1.19,1.629,1.249333333
2025/06/06,10.06,11.195,8.615,1.445,1.135,1.618,1.251333333
2025/06/09,10.135,11.28,8.65,1.485,1.145,1.607166667,1.253666667
2025/06/10,10.07,11.255,8.6,1.47,1.185,1.5955,1.256333333
2025/06/11,10.1,11.285,8.63,1.47,1.185,1.584333333,1.257833333
2025/06/12,10.085,11.285,8.605,1.48,1.2,1.574166667,1.259333333
2025/06/13,10.14,11.345,8.675,1.465,1.205,1.563766667,1.2585
2025/06/17,10.095,11.28,8.6,1.495,1.185,1.5551,1.256
2025/06/18,10.11,11.29,8.615,1.495,1.18,1.546533333,1.251166667
2025/06/19,10.125,11.3,8.615,1.51,1.175,1.538533333,1.2475
2025/06/20,10.04,11.2,8.54,1.5,1.16,1.531533333,1.242666667
2025/06/23,10.06,11.24,8.565,1.495,1.18,1.5247,1.24
2025/06/24,9.935,11.11,8.48,1.455,1.175,1.5191,1.237833333
2025/06/25,9.91,11.105,8.45,1.46,1.195,1.513766667,1.236
2025/06/26,9.945,11.145,8.475,1.47,1.2,1.509266667,1.232833333
2025/06/27,9.96,11.16,8.467,1.493,1.2,1.5063,1.231833333
2025/06/30,9.95,11.16,8.448,1.502,1.21,1.5047,1.23
2025/07/01,9.84,11.06,8.38,1.46,1.22,1.500133333,1.228833333
2025/07/02,9.82,11.03,8.37,1.45,1.21,1.495533333,1.227166667
2025/07/03,9.725,10.955,8.26,1.465,1.23,1.491866667,1.226333333
2025/07/04,9.725,10.97,8.28,1.445,1.245,1.486433333,1.2255
2025/07/07,9.825,11.095,8.345,1.48,1.27,1.4826,1.2245
2025/07/08,9.895,11.195,8.41,1.485,1.3,1.4791,1.224333333
2025/07/09,9.84,11.16,8.365,1.475,1.32,1.4761,1.225
2025/07/10,9.78,11.105,8.315,1.465,1.325,1.473166667,1.2245
2025/07/11,9.875,11.225,8.405,1.47,1.35,1.471833333,1.225666667
2025/07/14,9.885,11.245,8.415,1.47,1.36,1.471833333,1.227166667
2025/07/15,9.86,11.19,8.39,1.47,1.33,1.471333333,1.227833333
2025/07/16,9.88,11.2,8.405,1.475,1.32,1.471666667,1.228333333
2025/07/17,9.945,11.275,8.47,1.475,1.33,1.473666667,1.2305
2025/07/18,9.935,11.29,8.455,1.48,1.355,1.475166667,1.236
2025/07/21,9.985,11.345,8.46,1.525,1.36,1.477833333,1.2435
2025/07/22,9.845,11.165,8.35,1.495,1.32,1.478166667,1.249333333
2025/07/23,9.805,11.1,8.31,1.495,1.295,1.479,1.253
2025/07/24,9.815,11.085,8.36,1.455,1.27,1.4785,1.255833333
2025/07/25,9.835,11.1,8.365,1.47,1.265,1.478166667,1.258
2025/07/28,9.8,11.06,8.325,1.475,1.26,1.4785,1.259833333
2025/07/29,9.8,11.05,8.335,1.465,1.25,1.4775,1.262
2025/07/30,9.81,11.035,8.325,1.485,1.225,1.477166667,1.2635
2025/07/31,9.63,10.795,8.22,1.41,1.165,1.473833333,1.263166667
2025/08/01,9.595,10.76,8.225,1.37,1.165,1.4695,1.263333333
2025/08/04,9.63,10.79,8.205,1.425,1.16,1.467166667,1.262666667
2025/08/05,9.675,10.86,8.21,1.465,1.185,1.4675,1.263
2025/08/06,9.665,10.89,8.19,1.475,1.225,1.468,1.264
2025/08/07,9.645,10.905,8.17,1.475,1.26,1.468166667,1.266
2025/08/08,9.63,10.84,8.145,1.485,1.21,1.4679,1.266333333
2025/08/11,9.67,10.875,8.18,1.49,1.205,1.4675,1.266166667
2025/08/12,9.665,10.885,8.175,1.49,1.22,1.4685,1.266166667
2025/08/13,9.61,10.86,8.115,1.495,1.25,1.47,1.2675
2025/08/14,9.605,10.86,8.115,1.49,1.255,1.470833333,1.268333333
2025/08/15,9.585,10.83,8.1,1.485,1.245,1.472166667,1.268333333
2025/08/18,9.645,10.865,8.145,1.5,1.22,1.472833333,1.266666667
2025/08/19,9.65,10.885,8.15,1.5,1.235,1.473333333,1.2645
2025/08/20,9.59,10.845,8.12,1.47,1.255,1.473166667,1.262333333
2025/08/21,9.63,10.875,8.145,1.485,1.245,1.473833333,1.259666667
2025/08/22,9.64,10.89,8.155,1.485,1.25,1.474333333,1.256333333
2025/08/25,9.56,10.84,8.085,1.475,1.28,1.4745,1.253666667
2025/08/26,9.585,10.835,8.095,1.49,1.25,1.475166667,1.251
2025/08/27,9.59,10.875,8.095,1.495,1.285,1.475833333,1.249833333
2025/08/28,9.595,10.87,8.11,1.485,1.275,1.476166667,1.248
2025/08/29,9.605,10.86,8.115,1.49,1.255,1.4765,1.244666667
2025/09/01,9.575,10.82,8.135,1.44,1.245,1.473666667,1.240833333
2025/09/02,9.62,10.855,8.155,1.465,1.235,1.472666667,1.238
2025/09/03,9.645,10.905,8.155,1.49,1.26,1.4725,1.236833333
2025/09/04,9.62,10.925,8.17,1.45,1.305,1.472333333,1.238
2025/09/05,9.565,10.845,8.08,1.485,1.28,1.472833333,1.2385
2025/09/08,9.535,10.83,8.065,1.47,1.295,1.472666667,1.239666667
2025/09/09,9.485,10.785,8.05,1.435,1.3,1.471666667,1.241333333
2025/09/10,9.48,10.76,8.02,1.46,1.28,1.470833333,1.243166667
2025/09/11,9.38,10.66,7.935,1.445,1.28,1.472,1.247
2025/09/12,9.335,10.615,7.955,1.38,1.28,1.472333333,1.250833333
2025/09/15,9.2,10.48,7.86,1.34,1.28,1.4695,1.254833333
2025/09/16,9.235,10.49,7.885,1.35,1.255,1.465666667,1.257166667
2025/09/17,9.15,10.44,7.83,1.32,1.29,1.4605,1.259333333
2025/09/18,9.18,10.425,7.885,1.295,1.245,1.4545,1.258833333
2025/09/19,9.16,10.43,7.89,1.27,1.27,1.447333333,1.260833333
2025/09/22,9.115,10.425,7.88,1.235,1.31,1.438833333,1.264333333
2025/09/23,9.065,10.36,7.87,1.195,1.295,1.429,1.266833333
2025/09/25,9.125,10.38,7.905,1.22,1.255,1.419833333,1.267
2025/09/26,9.165,10.38,7.915,1.25,1.215,1.411833333,1.265666667
2025/09/29,9.155,10.36,7.91,1.245,1.205,1.403833333,1.264333333
2025/09/30,9.18,10.37,7.915,1.265,1.19,1.396,1.263333333
2025/10/01,9.17,10.32,7.89,1.28,1.15,1.388666667,1.2605
2025/10/02,9.18,10.275,7.895,1.285,1.095,1.3825,1.255166667
2025/10/03,9.16,10.3,7.905,1.255,1.14,1.374833333,1.251666667
2025/10/06,9.225,10.34,7.93,1.295,1.115,1.3685,1.247166667
2025/10/07,9.18,10.285,7.905,1.275,1.105,1.361833333,1.241333333
2025/10/08,9.09,10.21,7.82,1.27,1.12,1.3545,1.237
2025/10/09,9.055,10.17,7.795,1.26,1.115,1.346666667,1.231333333
2025/10/10,9.14,10.26,7.87,1.27,1.12,1.3395,1.226166667
2025/10/13,9.115,10.265,7.845,1.27,1.15,1.332166667,1.222666667
2025/10/14,9.14,10.315,7.855,1.285,1.175,1.327,1.220333333
2025/10/15,9.045,10.225,7.765,1.28,1.18,1.320833333,1.2185
2025/10/16,9.025,10.155,7.735,1.29,1.13,1.314166667,1.214166667
2025/10/17,9.03,10.17,7.755,1.275,1.14,1.308333333,1.208666667
2025/10/20,8.925,10.075,7.675,1.25,1.15,1.3005,1.204333333
2025/10/21,8.91,10.055,7.675,1.235,1.145,1.292666667,1.199333333
2025/10/22,8.945,10.07,7.715,1.23,1.125,1.285833333,1.1935
2025/10/23,8.935,10.07,7.715,1.22,1.135,1.277833333,1.188666667
2025/10/24,8.885,10.015,7.675,1.21,1.13,1.27,1.183666667
2025/10/27,8.885,10.005,7.71,1.175,1.12,1.263166667,1.178333333
2025/10/28,8.885,9.985,7.705,1.18,1.1,1.257833333,1.172333333
2025/10/29,8.845,9.965,7.705,1.14,1.12,1.250833333,1.167833333
2025/10/30,8.86,9.995,7.725,1.135,1.135,1.244666667,1.162666667
2025/10/31,8.865,10.02,7.72,1.145,1.155,1.239666667,1.159666667
2025/11/03,8.845,10,7.72,1.125,1.155,1.234833333,1.155833333
2025/11/04,8.835,9.945,7.74,1.095,1.11,1.230166667,1.149166667
2025/11/05,8.785,9.905,7.715,1.07,1.12,1.226,1.143333333
2025/11/06,8.765,9.87,7.69,1.075,1.105,1.221166667,1.138333333
2025/11/07,8.825,9.91,7.72,1.105,1.085,1.216333333,1.134
2025/11/10,8.75,9.805,7.685,1.065,1.055,1.210333333,1.129
2025/11/11,8.81,9.835,7.74,1.07,1.025,1.203833333,1.1235
2025/11/12,8.66,9.63,7.645,1.015,0.97,1.195,1.1175
2025/11/13,8.605,9.515,7.615,0.99,0.91,1.185166667,1.111333333
2025/11/14,8.655,9.57,7.665,0.99,0.915,1.176333333,1.103833333
2025/11/17,8.62,9.52,7.655,0.965,0.9,1.165333333,1.096666667
2025/11/18,8.675,9.585,7.71,0.965,0.91,1.155,1.090166667
2025/11/19,8.665,9.61,7.675,0.99,0.945,1.145666667,1.084333333
2025/11/20,8.6,9.57,7.605,0.995,0.97,1.136833333,1.0795
2025/11/21,8.66,9.645,7.64,1.02,0.985,1.1285,1.075
2025/11/24,8.635,9.635,7.62,1.015,1,1.12,1.07
2025/11/25,8.61,9.635,7.6,1.01,1.025,1.110833333,1.065
2025/11/26,8.58,9.59,7.58,1,1.01,1.1015,1.059333333
2025/11/27,8.575,9.58,7.585,0.99,1.005,1.0915,1.055166667
2025/11/28,8.495,9.47,7.54,0.955,0.975,1.080833333,1.049666667
2025/12/01,8.505,9.465,7.565,0.94,0.96,1.0705,1.043333333
2025/12/02,8.46,9.4,7.56,0.9,0.94,1.059333333,1.0365
2025/12/03,8.365,9.305,7.53,0.835,0.94,1.046166667,1.030333333
2025/12/04,8.325,9.295,7.49,0.835,0.97,1.033333333,1.024833333
2025/12/05,8.315,9.28,7.505,0.81,0.965,1.02,1.019333333
2025/12/08,8.46,9.425,7.635,0.825,0.965,1.008333333,1.014166667
2025/12/09,8.485,9.46,7.69,0.795,0.975,0.9955,1.01
2025/12/10,8.515,9.49,7.715,0.8,0.975,0.984166667,1.005166667
2025/12/11,8.42,9.4,7.63,0.79,0.98,0.972666667,1
2025/12/12,8.395,9.385,7.59,0.805,0.99,0.961333333,0.9945
2025/12/15,8.385,9.375,7.565,0.82,0.99,0.951166667,0.989
2025/12/17,8.375,9.365,7.52,0.855,0.99,0.943166667,0.985
2025/12/18,8.405,9.395,7.535,0.87,0.99,0.9365,0.980666667
2025/12/19,8.42,9.415,7.545,0.875,0.995,0.929833333,0.977
2025/12/22,8.445,9.435,7.55,0.895,0.99,0.922833333,0.973833333
2025/12/23,8.4,9.4,7.505,0.895,1,0.917166667,0.972
2025/12/24,8.34,9.33,7.445,0.895,0.99,0.911333333,0.970833333
2025/12/29,8.305,9.275,7.41,0.895,0.97,0.907333333,0.970833333
2025/12/30,8.225,9.21,7.375,0.85,0.985,0.902666667,0.973333333
2025/12/31,8.21,9.19,7.345,0.865,0.98,0.8985,0.9755
